x,a,l,lp,t,n
-5.2,1,0.9998,1,0.001,0
-4.68,1,0.9998,1,0.001,0
-4.16,1,0.9998,1,0.001,0
-3.64,1,0.9998,1,0.001,0
-3.12,1,0.9998,1,0.001,0
-2.6,1,0.9998,1,0.001,0
-2.08,1,0.9998,1,0.001,0
-1.56,1,0.9998,1,0.001,0
-1.04,1,0.9998,1,0.001,0
-0.52,1,0.9998,1,0.001,0
0,1,0.9998,1,0.001,0.00048122
0.52,1,0.9998,1,0.001,0.00174679
1.04,1,0.9998,1,0.001,0.00318601
1.56,1,0.9998,1,0.001,0.00462269
2.08,1,0.9998,1,0.001,0.00605682
2.6,1,0.9998,1,0.001,0.00748842
3.12,1,0.9998,1,0.001,0.00891748
3.64,1,0.9998,1,0.001,0.01034402
4.16,1,0.9998,1,0.001,0.01176805
4.68,1,0.9998,1,0.001,0.01318956
5.2,1,0.9998,1,0.001,0.01460857
5.72,1,0.9998,1,0.001,0.01602509
6.24,1,0.9998,1,0.001,0.01743911
6.76,1,0.9998,1,0.001,0.01885065
7.28,1,0.9998,1,0.001,0.02025972
7.8,1,0.9998,1,0.001,0.02166631
8.32,1,0.9998,1,0.001,0.02307044
8.84,1,0.9998,1,0.001,0.02447211
9.36,1,0.9998,1,0.001,0.02587133
9.88,1,0.9998,1,0.001,0.02726811
10.4,1,0.9998,1,0.001,0.02866245
10.92,1,0.9998,1,0.001,0.03005436
11.44,1,0.9998,1,0.001,0.03144384
11.96,1,0.9998,1,0.001,0.0328309
12.48,1,0.9998,1,0.001,0.03421555
13,1,0.9998,1,0.001,0.03559779
13.52,1,0.9998,1,0.001,0.03697763
14.04,1,0.9998,1,0.001,0.03835508
14.56,1,0.9998,1,0.001,0.03973014
15.08,1,0.9998,1,0.001,0.03217769
15.6,1,0.9998,1,0.001,0.01199897
16.12,1,0.9998,1,0.001,0
16.64,1,0.9998,1,0.001,0
17.16,1,0.9998,1,0.001,0
17.68,1,0.9998,1,0.001,0
18.2,1,0.9998,1,0.001,0
18.72,1,0.9998,1,0.001,0
19.24,1,0.9998,1,0.001,0
19.76,1,0.9998,1,0.001,0
20.28,1,0.9998,1,0.001,0
-5.2,1,0.9996,0.9998,0.002,0
-4.68,1,0.9996,0.9998,0.002,0
-4.16,1,0.9996,0.9998,0.002,0
-3.64,1,0.9996,0.9998,0.002,0
-3.12,1,0.9996,0.9998,0.002,0
-2.6,1,0.9996,0.9998,0.002,0
-2.08,1,0.9996,0.9998,0.002,0
-1.56,1,0.9996,0.9998,0.002,0
-1.04,1,0.9996,0.9998,0.002,0
-0.52,1,0.9996,0.9998,0.002,0.00018442
0,1,0.9996,0.9998,0.002,0.00147069
0.52,1,0.9996,0.9998,0.002,0.00409679
1.04,1,0.9996,0.9998,0.002,0.00696435
1.56,1,0.9996,0.9998,0.002,0.00982175
2.08,1,0.9996,0.9998,0.002,0.01266903
2.6,1,0.9996,0.9998,0.002,0.01550622
3.12,1,0.9996,0.9998,0.002,0.01833337
3.64,1,0.9996,0.9998,0.002,0.02115053
4.16,1,0.9996,0.9998,0.002,0.02395771
4.68,1,0.9996,0.9998,0.002,0.02675498
5.2,1,0.9996,0.9998,0.002,0.02954237
5.72,1,0.9996,0.9998,0.002,0.0323199
6.24,1,0.9996,0.9998,0.002,0.03508764
6.76,1,0.9996,0.9998,0.002,0.03784561
7.28,1,0.9996,0.9998,0.002,0.04059385
7.8,1,0.9996,0.9998,0.002,0.0433324
8.32,1,0.9996,0.9998,0.002,0.0460613
8.84,1,0.9996,0.9998,0.002,0.04878059
9.36,1,0.9996,0.9998,0.002,0.0514903
9.88,1,0.9996,0.9998,0.002,0.05419048
10.4,1,0.9996,0.9998,0.002,0.05688115
10.92,1,0.9996,0.9998,0.002,0.05956237
11.44,1,0.9996,0.9998,0.002,0.06223416
11.96,1,0.9996,0.9998,0.002,0.06489656
12.48,1,0.9996,0.9998,0.002,0.06754961
13,1,0.9996,0.9998,0.002,0.07019334
13.52,1,0.9996,0.9998,0.002,0.0728278
14.04,1,0.9996,0.9998,0.002,0.07545301
14.56,1,0.9996,0.9998,0.002,0.07448136
15.08,1,0.9996,0.9998,0.002,0.05473754
15.6,1,0.9996,0.9998,0.002,0.0187105
16.12,1,0.9996,0.9998,0.002,0
16.64,1,0.9996,0.9998,0.002,0
17.16,1,0.9996,0.9998,0.002,0
17.68,1,0.9996,0.9998,0.002,0
18.2,1,0.9996,0.9998,0.002,0
18.72,1,0.9996,0.9998,0.002,0
19.24,1,0.9996,0.9998,0.002,0
19.76,1,0.9996,0.9998,0.002,0
20.28,1,0.9996,0.9998,0.002,0
-5.2,1,0.9994,0.9996,0.003,0
-4.68,1,0.9994,0.9996,0.003,0
-4.16,1,0.9994,0.9996,0.003,0
-3.64,1,0.9994,0.9996,0.003,0
-3.12,1,0.9994,0.9996,0.003,0
-2.6,1,0.9994,0.9996,0.003,0
-2.08,1,0.9994,0.9996,0.003,0
-1.56,1,0.9994,0.9996,0.003,0
-1.04,1,0.9994,0.9996,0.003,0.00006332
-0.52,1,0.9994,0.9996,0.003,0.00064996
0,1,0.9994,0.9996,0.003,0.00298061
0.52,1,0.9994,0.9996,0.003,0.00704412
1.04,1,0.9994,0.9996,0.003,0.01132598
1.56,1,0.9994,0.9996,0.003,0.01558509
2.08,1,0.9994,0.9996,0.003,0.01982157
2.6,1,0.9994,0.9996,0.003,0.02403557
3.12,1,0.9994,0.9996,0.003,0.02822719
3.64,1,0.9994,0.9996,0.003,0.03239657
4.16,1,0.9994,0.9996,0.003,0.03654383
4.68,1,0.9994,0.9996,0.003,0.0406691
5.2,1,0.9994,0.9996,0.003,0.0447725
5.72,1,0.9994,0.9996,0.003,0.04885414
6.24,1,0.9994,0.9996,0.003,0.05291415
6.76,1,0.9994,0.9996,0.003,0.05695266
7.28,1,0.9994,0.9996,0.003,0.06096978
7.8,1,0.9994,0.9996,0.003,0.06496563
8.32,1,0.9994,0.9996,0.003,0.06894032
8.84,1,0.9994,0.9996,0.003,0.07289399
9.36,1,0.9994,0.9996,0.003,0.07682673
9.88,1,0.9994,0.9996,0.003,0.08073868
10.4,1,0.9994,0.9996,0.003,0.08462994
10.92,1,0.9994,0.9996,0.003,0.08850063
11.44,1,0.9994,0.9996,0.003,0.09235087
11.96,1,0.9994,0.9996,0.003,0.09618076
12.48,1,0.9994,0.9996,0.003,0.09999043
13,1,0.9994,0.9996,0.003,0.10377997
13.52,1,0.9994,0.9996,0.003,0.10754951
14.04,1,0.9994,0.9996,0.003,0.10985445
14.56,1,0.9994,0.9996,0.003,0.10263244
15.08,1,0.9994,0.9996,0.003,0.06985658
15.6,1,0.9994,0.9996,0.003,0.02246454
16.12,1,0.9994,0.9996,0.003,0
16.64,1,0.9994,0.9996,0.003,0
17.16,1,0.9994,0.9996,0.003,0
17.68,1,0.9994,0.9996,0.003,0
18.2,1,0.9994,0.9996,0.003,0
18.72,1,0.9994,0.9996,0.003,0
19.24,1,0.9994,0.9996,0.003,0
19.76,1,0.9994,0.9996,0.003,0
20.28,1,0.9994,0.9996,0.003,0
-5.2,1,0.9992,0.9994,0.004,0
-4.68,1,0.9992,0.9994,0.004,0
-4.16,1,0.9992,0.9994,0.004,0
-3.64,1,0.9992,0.9994,0.004,0
-3.12,1,0.9992,0.9994,0.004,0
-2.6,1,0.9992,0.9994,0.004,0
-2.08,1,0.9992,0.9994,0.004,0
-1.56,1,0.9992,0.9994,0.004,0.00002174
-1.04,1,0.9992,0.9994,0.004,0.00025282
-0.52,1,0.9992,0.9994,0.004,0.00144657
0,1,0.9992,0.9994,0.004,0.00501486
0.52,1,0.9992,0.9994,0.004,0.01058157
1.04,1,0.9992,0.9994,0.004,0.0162606
1.56,1,0.9992,0.9994,0.004,0.02189943
2.08,1,0.9992,0.9994,0.004,0.02749835
2.6,1,0.9992,0.9994,0.004,0.03305766
3.12,1,0.9992,0.9994,0.004,0.03857764
3.64,1,0.9992,0.9994,0.004,0.04405858
4.16,1,0.9992,0.9994,0.004,0.04950077
4.68,1,0.9992,0.9994,0.004,0.05490449
5.2,1,0.9992,0.9994,0.004,0.06027001
5.72,1,0.9992,0.9994,0.004,0.06559762
6.24,1,0.9992,0.9994,0.004,0.07088759
6.76,1,0.9992,0.9994,0.004,0.07614019
7.28,1,0.9992,0.9994,0.004,0.08135569
7.8,1,0.9992,0.9994,0.004,0.08653438
8.32,1,0.9992,0.9994,0.004,0.0916765
8.84,1,0.9992,0.9994,0.004,0.09678233
9.36,1,0.9992,0.9994,0.004,0.10185213
9.88,1,0.9992,0.9994,0.004,0.10688616
10.4,1,0.9992,0.9994,0.004,0.11188468
10.92,1,0.9992,0.9994,0.004,0.11684795
11.44,1,0.9992,0.9994,0.004,0.12177623
11.96,1,0.9992,0.9994,0.004,0.12666976
12.48,1,0.9992,0.9994,0.004,0.13152879
13,1,0.9992,0.9994,0.004,0.13635359
13.52,1,0.9992,0.9994,0.004,0.14056158
14.04,1,0.9992,0.9994,0.004,0.14011474
14.56,1,0.9992,0.9994,0.004,0.12416825
15.08,1,0.9992,0.9994,0.004,0.07968386
15.6,1,0.9992,0.9994,0.004,0.02456434
16.12,1,0.9992,0.9994,0.004,0
16.64,1,0.9992,0.9994,0.004,0
17.16,1,0.9992,0.9994,0.004,0
17.68,1,0.9992,0.9994,0.004,0
18.2,1,0.9992,0.9994,0.004,0
18.72,1,0.9992,0.9994,0.004,0
19.24,1,0.9992,0.9994,0.004,0
19.76,1,0.9992,0.9994,0.004,0
20.28,1,0.9992,0.9994,0.004,0
-5.2,1,0.999,0.9992,0.005,0
-4.68,1,0.999,0.9992,0.005,0
-4.16,1,0.999,0.9992,0.005,0
-3.64,1,0.999,0.9992,0.005,0
-3.12,1,0.999,0.9992,0.005,0
-2.6,1,0.999,0.9992,0.005,0
-2.08,1,0.999,0.9992,0.005,0.00000747
-1.56,1,0.999,0.9992,0.005,0.00009699
-1.04,1,0.999,0.9992,0.005,0.00061508
-0.52,1,0.999,0.9992,0.005,0.00259915
0,1,0.999,0.9992,0.005,0.00757245
0.52,1,0.999,0.9992,0.005,0.01470065
1.04,1,0.999,0.9992,0.005,0.02175671
1.56,1,0.999,0.9992,0.005,0.02875039
2.08,1,0.999,0.9992,0.005,0.03568224
2.6,1,0.999,0.9992,0.005,0.04255283
3.12,1,0.999,0.9992,0.005,0.04936271
3.64,1,0.999,0.9992,0.005,0.05611243
4.16,1,0.999,0.9992,0.005,0.06280252
4.68,1,0.999,0.9992,0.005,0.06943352
5.2,1,0.999,0.9992,0.005,0.07600597
5.72,1,0.999,0.9992,0.005,0.08252039
6.24,1,0.999,0.9992,0.005,0.0889773
6.76,1,0.999,0.9992,0.005,0.09537722
7.28,1,0.999,0.9992,0.005,0.10172066
7.8,1,0.999,0.9992,0.005,0.10800813
8.32,1,0.999,0.9992,0.005,0.11424013
8.84,1,0.999,0.9992,0.005,0.12041715
9.36,1,0.999,0.9992,0.005,0.1265397
9.88,1,0.999,0.9992,0.005,0.13260825
10.4,1,0.999,0.9992,0.005,0.1386233
10.92,1,0.999,0.9992,0.005,0.14458532
11.44,1,0.999,0.9992,0.005,0.15049479
11.96,1,0.999,0.9992,0.005,0.15635218
12.48,1,0.999,0.9992,0.005,0.16215795
13,1,0.999,0.9992,0.005,0.16767705
13.52,1,0.999,0.9992,0.005,0.17096094
14.04,1,0.999,0.9992,0.005,0.1654331
14.56,1,0.999,0.9992,0.005,0.13994431
15.08,1,0.999,0.9992,0.005,0.08593194
15.6,1,0.999,0.9992,0.005,0.02573884
16.12,1,0.999,0.9992,0.005,0
16.64,1,0.999,0.9992,0.005,0
17.16,1,0.999,0.9992,0.005,0
17.68,1,0.999,0.9992,0.005,0
18.2,1,0.999,0.9992,0.005,0
18.72,1,0.999,0.9992,0.005,0
19.24,1,0.999,0.9992,0.005,0
19.76,1,0.999,0.9992,0.005,0
20.28,1,0.999,0.9992,0.005,0
-5.2,1,0.9988,0.999,0.006,0
-4.68,1,0.9988,0.999,0.006,0
-4.16,1,0.9988,0.999,0.006,0
-3.64,1,0.9988,0.999,0.006,0
-3.12,1,0.9988,0.999,0.006,0
-2.6,1,0.9988,0.999,0.006,0.00000256
-2.08,1,0.9988,0.999,0.006,0.0000368
-1.56,1,0.9988,0.999,0.006,0.00025661
-1.04,1,0.9988,0.999,0.006,0.00118046
-0.52,1,0.9988,0.999,0.006,0.00411895
0,1,0.9988,0.999,0.006,0.01064924
0.52,1,0.9988,0.999,0.006,0.01939162
1.04,1,0.9988,0.999,0.006,0.02780164
1.56,1,0.9988,0.999,0.006,0.03612251
2.08,1,0.9988,0.999,0.006,0.04435519
2.6,1,0.9988,0.999,0.006,0.05250062
3.12,1,0.9988,0.999,0.006,0.06055975
3.64,1,0.9988,0.999,0.006,0.06853349
4.16,1,0.9988,0.999,0.006,0.07642277
4.68,1,0.9988,0.999,0.006,0.08422849
5.2,1,0.9988,0.999,0.006,0.09195154
5.72,1,0.9988,0.999,0.006,0.09959282
6.24,1,0.9988,0.999,0.006,0.10715319
6.76,1,0.9988,0.999,0.006,0.11463353
7.28,1,0.9988,0.999,0.006,0.12203469
7.8,1,0.9988,0.999,0.006,0.12935752
8.32,1,0.9988,0.999,0.006,0.13660286
8.84,1,0.9988,0.999,0.006,0.14377154
9.36,1,0.9988,0.999,0.006,0.15086437
9.88,1,0.9988,0.999,0.006,0.15788218
10.4,1,0.9988,0.999,0.006,0.16482575
10.92,1,0.9988,0.999,0.006,0.1716959
11.44,1,0.9988,0.999,0.006,0.17849339
11.96,1,0.9988,0.999,0.006,0.18521901
12.48,1,0.9988,0.999,0.006,0.19177817
13,1,0.9988,0.999,0.006,0.19725449
13.52,1,0.9988,0.999,0.006,0.19792689
14.04,1,0.9988,0.999,0.006,0.18571352
14.56,1,0.9988,0.999,0.006,0.15111884
15.08,1,0.9988,0.999,0.006,0.08983857
15.6,1,0.9988,0.999,0.006,0.02639579
16.12,1,0.9988,0.999,0.006,0
16.64,1,0.9988,0.999,0.006,0
17.16,1,0.9988,0.999,0.006,0
17.68,1,0.9988,0.999,0.006,0
18.2,1,0.9988,0.999,0.006,0
18.72,1,0.9988,0.999,0.006,0
19.24,1,0.9988,0.999,0.006,0
19.76,1,0.9988,0.999,0.006,0
20.28,1,0.9988,0.999,0.006,0
-5.2,1,0.9986,0.9988,0.007,0
-4.68,1,0.9986,0.9988,0.007,0
-4.16,1,0.9986,0.9988,0.007,0
-3.64,1,0.9986,0.9988,0.007,0
-3.12,1,0.9986,0.9988,0.007,0.00000088
-2.6,1,0.9986,0.9988,0.007,0.00001384
-2.08,1,0.9986,0.9988,0.007,0.00010534
-1.56,1,0.9986,0.9988,0.007,0.00052548
-1.04,1,0.9986,0.9988,0.007,0.00196703
-0.52,1,0.9986,0.9988,0.007,0.00600967
0,1,0.9986,0.9988,0.007,0.01423898
0.52,1,0.9986,0.9988,0.007,0.02464351
1.04,1,0.9986,0.9988,0.007,0.03438159
1.56,1,0.9986,0.9988,0.007,0.04399934
2.08,1,0.9986,0.9988,0.007,0.05349826
2.6,1,0.9986,0.9988,0.007,0.06287983
3.12,1,0.9986,0.9988,0.007,0.07214553
3.64,1,0.9986,0.9988,0.007,0.08129678
4.16,1,0.9986,0.9988,0.007,0.09033502
4.68,1,0.9986,0.9988,0.007,0.09926165
5.2,1,0.9986,0.9988,0.007,0.10807807
5.72,1,0.9986,0.9988,0.007,0.11678565
6.24,1,0.9986,0.9988,0.007,0.12538574
6.76,1,0.9986,0.9988,0.007,0.13387968
7.28,1,0.9986,0.9988,0.007,0.14226879
7.8,1,0.9986,0.9988,0.007,0.15055438
8.32,1,0.9986,0.9988,0.007,0.15873774
8.84,1,0.9986,0.9988,0.007,0.16682013
9.36,1,0.9986,0.9988,0.007,0.17480282
9.88,1,0.9986,0.9988,0.007,0.18268703
10.4,1,0.9986,0.9988,0.007,0.190474
10.92,1,0.9986,0.9988,0.007,0.19816494
11.44,1,0.9986,0.9988,0.007,0.20576103
11.96,1,0.9986,0.9988,0.007,0.21322478
12.48,1,0.9986,0.9988,0.007,0.22013354
13,1,0.9986,0.9988,0.007,0.22448052
13.52,1,0.9986,0.9988,0.007,0.22096845
14.04,1,0.9986,0.9988,0.007,0.20136961
14.56,1,0.9986,0.9988,0.007,0.15882537
15.08,1,0.9986,0.9988,0.007,0.09224943
15.6,1,0.9986,0.9988,0.007,0.02676325
16.12,1,0.9986,0.9988,0.007,0
16.64,1,0.9986,0.9988,0.007,0
17.16,1,0.9986,0.9988,0.007,0
17.68,1,0.9986,0.9988,0.007,0
18.2,1,0.9986,0.9988,0.007,0
18.72,1,0.9986,0.9988,0.007,0
19.24,1,0.9986,0.9988,0.007,0
19.76,1,0.9986,0.9988,0.007,0
20.28,1,0.9986,0.9988,0.007,0
-5.2,1,0.9984,0.9986,0.008,0
-4.68,1,0.9984,0.9986,0.008,0
-4.16,1,0.9984,0.9986,0.008,0
-3.64,1,0.9984,0.9986,0.008,0.0000003
-3.12,1,0.9984,0.9986,0.008,0.00000516
-2.6,1,0.9984,0.9986,0.008,0.00004265
-2.08,1,0.9984,0.9986,0.008,0.00022976
-1.56,1,0.9984,0.9986,0.008,0.00092145
-1.04,1,0.9984,0.9986,0.008,0.00298453
-0.52,1,0.9984,0.9986,0.008,0.00827064
0,1,0.9984,0.9986,0.008,0.01833375
0.52,1,0.9984,0.9986,0.008,0.03044419
1.04,1,0.9984,0.9986,0.008,0.0414817
1.56,1,0.9984,0.9986,0.008,0.05236347
2.08,1,0.9984,0.9986,0.008,0.06309172
2.6,1,0.9984,0.9986,0.008,0.07366862
3.12,1,0.9984,0.9986,0.008,0.08409633
3.64,1,0.9984,0.9986,0.008,0.09437696
4.16,1,0.9984,0.9986,0.008,0.10451261
4.68,1,0.9984,0.9986,0.008,0.11450534
5.2,1,0.9984,0.9986,0.008,0.12435716
5.72,1,0.9984,0.9986,0.008,0.13407009
6.24,1,0.9984,0.9986,0.008,0.14364608
6.76,1,0.9984,0.9986,0.008,0.1530871
7.28,1,0.9984,0.9986,0.008,0.16239504
7.8,1,0.9984,0.9986,0.008,0.1715718
8.32,1,0.9984,0.9986,0.008,0.18061923
8.84,1,0.9984,0.9986,0.008,0.18953917
9.36,1,0.9984,0.9986,0.008,0.19833343
9.88,1,0.9984,0.9986,0.008,0.20700378
10.4,1,0.9984,0.9986,0.008,0.21555199
10.92,1,0.9984,0.9986,0.008,0.22397978
11.44,1,0.9984,0.9986,0.008,0.23227315
11.96,1,0.9984,0.9986,0.008,0.24024054
12.48,1,0.9984,0.9986,0.008,0.24683745
13,1,0.9984,0.9986,0.008,0.24882249
13.52,1,0.9984,0.9986,0.008,0.23998187
14.04,1,0.9984,0.9986,0.008,0.21308532
14.56,1,0.9984,0.9986,0.008,0.16402629
15.08,1,0.9984,0.9986,0.008,0.09372166
15.6,1,0.9984,0.9986,0.008,0.02696878
16.12,1,0.9984,0.9986,0.008,0
16.64,1,0.9984,0.9986,0.008,0
17.16,1,0.9984,0.9986,0.008,0
17.68,1,0.9984,0.9986,0.008,0
18.2,1,0.9984,0.9986,0.008,0
18.72,1,0.9984,0.9986,0.008,0
19.24,1,0.9984,0.9986,0.008,0
19.76,1,0.9984,0.9986,0.008,0
20.28,1,0.9984,0.9986,0.008,0
-5.2,1,0.9982,0.9984,0.009,0
-4.68,1,0.9982,0.9984,0.009,0
-4.16,1,0.9982,0.9984,0.009,0.0000001
-3.64,1,0.9982,0.9984,0.009,0.00000191
-3.12,1,0.9982,0.9984,0.009,0.00001706
-2.6,1,0.9982,0.9984,0.009,0.00009886
-2.08,1,0.9982,0.9984,0.009,0.00042397
-1.56,1,0.9982,0.9984,0.009,0.00145623
-1.04,1,0.9982,0.9984,0.009,0.00423729
-0.52,1,0.9982,0.9984,0.009,0.01089851
0,1,0.9982,0.9984,0.009,0.0229243
0.52,1,0.9982,0.9984,0.009,0.03678042
1.04,1,0.9982,0.9984,0.009,0.0490861
1.56,1,0.9982,0.9984,0.009,0.06119662
2.08,1,0.9982,0.9984,0.009,0.07311508
2.6,1,0.9982,0.9984,0.009,0.08484454
3.12,1,0.9982,0.9984,0.009,0.09638803
3.64,1,0.9982,0.9984,0.009,0.10774851
4.16,1,0.9982,0.9984,0.009,0.11892888
4.68,1,0.9982,0.9984,0.009,0.12993203
5.2,1,0.9982,0.9984,0.009,0.14076078
5.72,1,0.9982,0.9984,0.009,0.1514179
6.24,1,0.9982,0.9984,0.009,0.16190613
6.76,1,0.9982,0.9984,0.009,0.17222815
7.28,1,0.9982,0.9984,0.009,0.18238662
7.8,1,0.9982,0.9984,0.009,0.19238413
8.32,1,0.9982,0.9984,0.009,0.20222325
8.84,1,0.9982,0.9984,0.009,0.2119065
9.36,1,0.9982,0.9984,0.009,0.22143636
9.88,1,0.9982,0.9984,0.009,0.23081526
10.4,1,0.9982,0.9984,0.009,0.24004562
10.92,1,0.9982,0.9984,0.009,0.2491234
11.44,1,0.9982,0.9984,0.009,0.25796372
11.96,1,0.9982,0.9984,0.009,0.26603804
12.48,1,0.9982,0.9984,0.009,0.27146044
13,1,0.9982,0.9984,0.009,0.26994443
13.52,1,0.9982,0.9984,0.009,0.25518591
14.04,1,0.9982,0.9984,0.009,0.22162447
14.56,1,0.9982,0.9984,0.009,0.16747402
15.08,1,0.9982,0.9984,0.009,0.09461297
15.6,1,0.9982,0.9984,0.009,0.02708375
16.12,1,0.9982,0.9984,0.009,0
16.64,1,0.9982,0.9984,0.009,0
17.16,1,0.9982,0.9984,0.009,0
17.68,1,0.9982,0.9984,0.009,0
18.2,1,0.9982,0.9984,0.009,0
18.72,1,0.9982,0.9984,0.009,0
19.24,1,0.9982,0.9984,0.009,0
19.76,1,0.9982,0.9984,0.009,0
20.28,1,0.9982,0.9984,0.009,0
-5.2,1,0.998,0.9982,0.01,0
-4.68,1,0.998,0.9982,0.01,0.00000004
-4.16,1,0.998,0.9982,0.01,0.00000071
-3.64,1,0.998,0.9982,0.01,0.00000675
-3.12,1,0.998,0.9982,0.01,0.00004193
-2.6,1,0.998,0.9982,0.01,0.00019187
-2.08,1,0.998,0.9982,0.01,0.00069854
-1.56,1,0.998,0.9982,0.01,0.00213679
-1.04,1,0.998,0.9982,0.01,0.00572618
-0.52,1,0.998,0.9982,0.01,0.01388817
0,1,0.998,0.9982,0.01,0.0280002
0.52,1,0.998,0.9982,0.01,0.04363785
1.04,1,0.998,0.9982,0.01,0.05717796
1.56,1,0.998,0.9982,0.01,0.07047967
2.08,1,0.998,0.9982,0.01,0.0835472
2.6,1,0.998,0.9982,0.01,0.09638468
3.12,1,0.998,0.9982,0.01,0.10899619
3.64,1,0.998,0.9982,0.01,0.12138572
4.16,1,0.998,0.9982,0.01,0.13355719
4.68,1,0.998,0.9982,0.01,0.14551446
5.2,1,0.998,0.9982,0.01,0.1572613
5.72,1,0.998,0.9982,0.01,0.16880145
6.24,1,0.998,0.9982,0.01,0.18013854
6.76,1,0.998,0.9982,0.01,0.19127618
7.28,1,0.998,0.9982,0.01,0.20221787
7.8,1,0.998,0.9982,0.01,0.21296707
8.32,1,0.998,0.9982,0.01,0.22352719
8.84,1,0.998,0.9982,0.01,0.23390157
9.36,1,0.998,0.9982,0.01,0.24409347
9.88,1,0.998,0.9982,0.01,0.25410613
10.4,1,0.998,0.9982,0.01,0.26394009
10.92,1,0.998,0.9982,0.01,0.27355943
11.44,1,0.998,0.9982,0.01,0.28270336
11.96,1,0.998,0.9982,0.01,0.29031664
12.48,1,0.998,0.9982,0.01,0.293629
13,1,0.998,0.9982,0.01,0.28774926
13.52,1,0.998,0.9982,0.01,0.26700925
14.04,1,0.998,0.9982,0.01,0.2277102
14.56,1,0.998,0.9982,0.01,0.16972553
15.08,1,0.998,0.9982,0.01,0.09514869
15.6,1,0.998,0.9982,0.01,0.02714805
16.12,1,0.998,0.9982,0.01,0
16.64,1,0.998,0.9982,0.01,0
17.16,1,0.998,0.9982,0.01,0
17.68,1,0.998,0.9982,0.01,0
18.2,1,0.998,0.9982,0.01,0
18.72,1,0.998,0.9982,0.01,0
19.24,1,0.998,0.9982,0.01,0
19.76,1,0.998,0.9982,0.01,0
20.28,1,0.998,0.9982,0.01,0
-5.2,1,0.9978,0.998,0.011,0.00000001
-4.68,1,0.9978,0.998,0.011,0.00000026
-4.16,1,0.9978,0.998,0.011,0.00000265
-3.64,1,0.9978,0.998,0.011,0.00001756
-3.12,1,0.9978,0.998,0.011,0.00008551
-2.6,1,0.9978,0.998,0.011,0.00032969
-2.08,1,0.9978,0.998,0.011,0.00106077
-1.56,1,0.9978,0.998,0.011,0.00296668
-1.04,1,0.9978,0.998,0.011,0.00744987
-0.52,1,0.9978,0.998,0.011,0.01723322
0,1,0.9978,0.998,0.011,0.03354993
0.52,1,0.9978,0.998,0.011,0.05100114
1.04,1,0.9978,0.998,0.011,0.06573957
1.56,1,0.9978,0.998,0.011,0.08019279
2.08,1,0.9978,0.998,0.011,0.09436635
2.6,1,0.9978,0.998,0.011,0.10826568
3.12,1,0.9978,0.998,0.011,0.1218961
3.64,1,0.9978,0.998,0.011,0.13526283
4.16,1,0.9978,0.998,0.011,0.148371
4.68,1,0.9978,0.998,0.011,0.16122562
5.2,1,0.9978,0.998,0.011,0.1738316
5.72,1,0.9978,0.998,0.011,0.18619378
6.24,1,0.9978,0.998,0.011,0.19831689
6.76,1,0.9978,0.998,0.011,0.21020555
7.28,1,0.9978,0.998,0.011,0.22186433
7.8,1,0.9978,0.998,0.011,0.23329767
8.32,1,0.9978,0.998,0.011,0.24450994
8.84,1,0.9978,0.998,0.011,0.25550544
9.36,1,0.9978,0.998,0.011,0.26628836
9.88,1,0.9978,0.998,0.011,0.27686176
10.4,1,0.9978,0.998,0.011,0.28721232
10.92,1,0.9978,0.998,0.011,0.29721501
11.44,1,0.9978,0.998,0.011,0.30629812
11.96,1,0.9978,0.998,0.011,0.31275831
12.48,1,0.9978,0.998,0.011,0.31309725
13,1,0.9978,0.998,0.011,0.30235665
13.52,1,0.9978,0.998,0.011,0.27597984
14.04,1,0.9978,0.998,0.011,0.23196461
14.56,1,0.9978,0.998,0.011,0.17117722
15.08,1,0.9978,0.998,0.011,0.09546872
15.6,1,0.9978,0.998,0.011,0.02718402
16.12,1,0.9978,0.998,0.011,0
16.64,1,0.9978,0.998,0.011,0
17.16,1,0.9978,0.998,0.011,0
17.68,1,0.9978,0.998,0.011,0
18.2,1,0.9978,0.998,0.011,0
18.72,1,0.9978,0.998,0.011,0
19.24,1,0.9978,0.998,0.011,0
19.76,1,0.9978,0.998,0.011,0
20.28,1,0.9978,0.998,0.011,0
-5.2,1,0.9976,0.9978,0.012,0.00000009
-4.68,1,0.9976,0.9978,0.012,0.00000103
-4.16,1,0.9976,0.9978,0.012,0.00000727
-3.64,1,0.9976,0.9978,0.012,0.00003759
-3.12,1,0.9976,0.9978,0.012,0.00015324
-2.6,1,0.9976,0.9978,0.012,0.0005186
-2.08,1,0.9976,0.9978,0.012,0.00151534
-1.56,1,0.9976,0.9978,0.012,0.00394711
-1.04,1,0.9976,0.9978,0.012,0.00940552
-0.52,1,0.9976,0.9978,0.012,0.02092626
0,1,0.9976,0.9978,0.012,0.03956099
0.52,1,0.9976,0.9978,0.012,0.05885397
1.04,1,0.9976,0.9978,0.012,0.07475236
1.56,1,0.9976,0.9978,0.012,0.09031543
2.08,1,0.9976,0.9978,0.012,0.10555027
2.6,1,0.9976,0.9978,0.012,0.12046382
3.12,1,0.9976,0.9978,0.012,0.13506288
3.64,1,0.9976,0.9978,0.012,0.1493541
4.16,1,0.9976,0.9978,0.012,0.16334398
4.68,1,0.9976,0.9978,0.012,0.17703891
5.2,1,0.9976,0.9978,0.012,0.19044511
5.72,1,0.9976,0.9978,0.012,0.20356868
6.24,1,0.9976,0.9978,0.012,0.21641561
6.76,1,0.9976,0.9978,0.012,0.22899173
7.28,1,0.9976,0.9978,0.012,0.24130276
7.8,1,0.9976,0.9978,0.012,0.25335432
8.32,1,0.9976,0.9978,0.012,0.26515187
8.84,1,0.9976,0.9978,0.012,0.27670078
9.36,1,0.9976,0.9978,0.012,0.28800587
9.88,1,0.9976,0.9978,0.012,0.2990646
10.4,1,0.9976,0.9978,0.012,0.30981977
10.92,1,0.9976,0.9978,0.012,0.3199707
11.44,1,0.9976,0.9978,0.012,0.32851115
11.96,1,0.9976,0.9978,0.012,0.33308714
12.48,1,0.9976,0.9978,0.012,0.32977767
13,1,0.9976,0.9978,0.012,0.31404599
13.52,1,0.9976,0.9978,0.012,0.28263958
14.04,1,0.9976,0.9978,0.012,0.23488953
14.56,1,0.9976,0.9978,0.012,0.17210302
15.08,1,0.9976,0.9978,0.012,0.0956589
15.6,1,0.9976,0.9978,0.012,0.02720414
16.12,1,0.9976,0.9978,0.012,0
16.64,1,0.9976,0.9978,0.012,0
17.16,1,0.9976,0.9978,0.012,0
17.68,1,0.9976,0.9978,0.012,0
18.2,1,0.9976,0.9978,0.012,0
18.72,1,0.9976,0.9978,0.012,0
19.24,1,0.9976,0.9978,0.012,0
19.76,1,0.9976,0.9978,0.012,0
20.28,1,0.9976,0.9978,0.012,0
-5.2,1,0.9974,0.9976,0.013,0.0000004
-4.68,1,0.9974,0.9976,0.013,0.00000298
-4.16,1,0.9974,0.9976,0.013,0.00001631
-3.64,1,0.9974,0.9976,0.013,0.00007022
-3.12,1,0.9974,0.9976,0.013,0.00024982
-2.6,1,0.9974,0.9976,0.013,0.00076314
-2.08,1,0.9974,0.9976,0.013,0.00206482
-1.56,1,0.9974,0.9976,0.013,0.00507767
-1.04,1,0.9974,0.9976,0.013,0.01158927
-0.52,1,0.9974,0.9976,0.013,0.02495904
0,1,0.9974,0.9976,0.013,0.04601996
0.52,1,0.9974,0.9976,0.013,0.06717911
1.04,1,0.9974,0.9976,0.013,0.08419704
1.56,1,0.9974,0.9976,0.013,0.10082646
2.08,1,0.9974,0.9976,0.013,0.11707626
2.6,1,0.9974,0.9976,0.013,0.13295514
3.12,1,0.9974,0.9976,0.013,0.14847157
3.64,1,0.9974,0.9976,0.013,0.16363385
4.16,1,0.9974,0.9976,0.013,0.17845008
4.68,1,0.9974,0.9976,0.013,0.19292818
5.2,1,0.9974,0.9976,0.013,0.20707587
5.72,1,0.9974,0.9976,0.013,0.22090073
6.24,1,0.9974,0.9976,0.013,0.23441012
6.76,1,0.9974,0.9976,0.013,0.24761126
7.28,1,0.9974,0.9976,0.013,0.2605112
7.8,1,0.9974,0.9976,0.013,0.27311682
8.32,1,0.9974,0.9976,0.013,0.28543485
8.84,1,0.9974,0.9976,0.013,0.29747168
9.36,1,0.9974,0.9976,0.013,0.30923035
9.88,1,0.9974,0.9976,0.013,0.32068745
10.4,1,0.9974,0.9976,0.013,0.33169003
10.92,1,0.9974,0.9976,0.013,0.34166366
11.44,1,0.9974,0.9976,0.013,0.34909889
11.96,1,0.9974,0.9976,0.013,0.35111476
12.48,1,0.9974,0.9976,0.013,0.34373495
13,1,0.9974,0.9976,0.013,0.32319054
13.52,1,0.9974,0.9976,0.013,0.28748953
14.04,1,0.9974,0.9976,0.013,0.23687133
14.56,1,0.9974,0.9976,0.013,0.17268784
15.08,1,0.9974,0.9976,0.013,0.09577139
15.6,1,0.9974,0.9976,0.013,0.02721539
16.12,1,0.9974,0.9976,0.013,0
16.64,1,0.9974,0.9976,0.013,0
17.16,1,0.9974,0.9976,0.013,0
17.68,1,0.9974,0.9976,0.013,0
18.2,1,0.9974,0.9976,0.013,0
18.72,1,0.9974,0.9976,0.013,0
19.24,1,0.9974,0.9976,0.013,0
19.76,1,0.9974,0.9976,0.013,0
20.28,1,0.9974,0.9976,0.013,0
-5.2,1,0.9972,0.9974,0.014,0.00000121
-4.68,1,0.9972,0.9974,0.014,0.000007
-4.16,1,0.9972,0.9974,0.014,0.00003175
-3.64,1,0.9972,0.9974,0.014,0.00011866
-3.12,1,0.9972,0.9974,0.014,0.00037901
-2.6,1,0.9972,0.9974,0.014,0.00106631
-2.08,1,0.9972,0.9974,0.014,0.0027103
-1.56,1,0.9972,0.9974,0.014,0.00635686
-1.04,1,0.9972,0.9974,0.014,0.01399648
-0.52,1,0.9972,0.9974,0.014,0.02932255
0,1,0.9972,0.9974,0.014,0.05291254
0.52,1,0.9972,0.9974,0.014,0.0759585
1.04,1,0.9972,0.9974,0.014,0.0940536
1.56,1,0.9972,0.9974,0.014,0.11170421
2.08,1,0.9972,0.9974,0.014,0.12892127
2.6,1,0.9972,0.9974,0.014,0.14571546
3.12,1,0.9972,0.9974,0.014,0.16209718
3.64,1,0.9972,0.9974,0.014,0.17807658
4.16,1,0.9972,0.9974,0.014,0.19366356
4.68,1,0.9972,0.9974,0.014,0.20886777
5.2,1,0.9972,0.9974,0.014,0.22369864
5.72,1,0.9972,0.9974,0.014,0.23816535
6.24,1,0.9972,0.9974,0.014,0.25227684
6.76,1,0.9972,0.9974,0.014,0.26604187
7.28,1,0.9972,0.9974,0.014,0.27946894
7.8,1,0.9972,0.9974,0.014,0.29256637
8.32,1,0.9972,0.9974,0.014,0.30534219
8.84,1,0.9972,0.9974,0.014,0.31780281
9.36,1,0.9972,0.9974,0.014,0.32994192
9.88,1,0.9972,0.9974,0.014,0.34168557
10.4,1,0.9972,0.9974,0.014,0.35271637
10.92,1,0.9972,0.9974,0.014,0.36210426
11.44,1,0.9972,0.9974,0.014,0.36784963
11.96,1,0.9972,0.9974,0.014,0.36676305
12.48,1,0.9972,0.9974,0.014,0.35515598
13,1,0.9972,0.9974,0.014,0.33019884
13.52,1,0.9972,0.9974,0.014,0.2909617
14.04,1,0.9972,0.9974,0.014,0.23819702
14.56,1,0.9972,0.9974,0.014,0.1730542
15.08,1,0.9972,0.9974,0.014,0.09583767
15.6,1,0.9972,0.9974,0.014,0.02722169
16.12,1,0.9972,0.9974,0.014,0
16.64,1,0.9972,0.9974,0.014,0
17.16,1,0.9972,0.9974,0.014,0
17.68,1,0.9972,0.9974,0.014,0
18.2,1,0.9972,0.9974,0.014,0
18.72,1,0.9972,0.9974,0.014,0
19.24,1,0.9972,0.9974,0.014,0
19.76,1,0.9972,0.9974,0.014,0
20.28,1,0.9972,0.9974,0.014,0
-5.2,1,0.997,0.9972,0.015,0.00000297
-4.68,1,0.997,0.9972,0.015,0.00001418
-4.16,1,0.997,0.9972,0.015,0.00005561
-3.64,1,0.997,0.9972,0.015,0.0001857
-3.12,1,0.997,0.9972,0.015,0.0005436
-2.6,1,0.997,0.9972,0.015,0.0014299
-2.08,1,0.997,0.9972,0.015,0.00345176
-1.56,1,0.997,0.9972,0.015,0.00778236
-1.04,1,0.997,0.9972,0.015,0.01662188
-0.52,1,0.997,0.9972,0.015,0.03400707
0,1,0.997,0.9972,0.015,0.06022364
0.52,1,0.997,0.9972,0.015,0.08517329
1.04,1,0.997,0.9972,0.015,0.10430141
1.56,1,0.997,0.9972,0.015,0.12292654
2.08,1,0.997,0.9972,0.015,0.14106193
2.6,1,0.997,0.9972,0.015,0.15872049
3.12,1,0.997,0.9972,0.015,0.17591478
3.64,1,0.997,0.9972,0.015,0.19265701
4.16,1,0.997,0.9972,0.015,0.2089591
4.68,1,0.997,0.9972,0.015,0.22483263
5.2,1,0.997,0.9972,0.015,0.24028889
5.72,1,0.997,0.9972,0.015,0.25533886
6.24,1,0.997,0.9972,0.015,0.26999323
6.76,1,0.997,0.9972,0.015,0.28426243
7.28,1,0.997,0.9972,0.015,0.29815658
7.8,1,0.997,0.9972,0.015,0.31168552
8.32,1,0.997,0.9972,0.015,0.32485821
8.84,1,0.997,0.9972,0.015,0.33767744
9.36,1,0.997,0.9972,0.015,0.35011116
9.88,1,0.997,0.9972,0.015,0.36199041
10.4,1,0.997,0.9972,0.015,0.37276203
10.92,1,0.997,0.9972,0.015,0.38110086
11.44,1,0.997,0.9972,0.015,0.38461413
11.96,1,0.997,0.9972,0.015,0.38006452
12.48,1,0.997,0.9972,0.015,0.36430953
13,1,0.997,0.9972,0.015,0.33547101
13.52,1,0.997,0.9972,0.015,0.29340993
14.04,1,0.997,0.9972,0.015,0.2390738
14.56,1,0.997,0.9972,0.015,0.17328202
15.08,1,0.997,0.9972,0.015,0.09587659
15.6,1,0.997,0.9972,0.015,0.02722521
16.12,1,0.997,0.9972,0.015,0
16.64,1,0.997,0.9972,0.015,0
17.16,1,0.997,0.9972,0.015,0
17.68,1,0.997,0.9972,0.015,0
18.2,1,0.997,0.9972,0.015,0
18.72,1,0.997,0.9972,0.015,0
19.24,1,0.997,0.9972,0.015,0
19.76,1,0.997,0.9972,0.015,0
20.28,1,0.997,0.9972,0.015,0
-5.2,1,0.9968,0.997,0.016,0.00000626
-4.68,1,0.9968,0.997,0.016,0.00002573
-4.16,1,0.9968,0.997,0.016,0.0000898
-3.64,1,0.9968,0.997,0.016,0.0002736
-3.12,1,0.9968,0.997,0.016,0.0007455
-2.6,1,0.9968,0.997,0.016,0.00185473
-2.08,1,0.9968,0.997,0.016,0.0042884
-1.56,1,0.9968,0.997,0.016,0.00935129
-1.04,1,0.9968,0.997,0.016,0.01945966
-0.52,1,0.9968,0.997,0.016,0.03900229
0,1,0.9968,0.997,0.016,0.06793739
0.52,1,0.9968,0.997,0.016,0.09480393
1.04,1,0.9968,0.997,0.016,0.11491929
1.56,1,0.9968,0.997,0.016,0.13447093
2.08,1,0.9968,0.997,0.016,0.15347468
2.6,1,0.9968,0.997,0.016,0.17194591
3.12,1,0.9968,0.997,0.016,0.18989957
3.64,1,0.9968,0.997,0.016,0.20735018
4.16,1,0.9968,0.997,0.016,0.22431185
4.68,1,0.9968,0.997,0.016,0.24079831
5.2,1,0.9968,0.997,0.016,0.25682288
5.72,1,0.9968,0.997,0.016,0.27239852
6.24,1,0.9968,0.997,0.016,0.28753782
6.76,1,0.9968,0.997,0.016,0.30225302
7.28,1,0.9968,0.997,0.016,0.31655599
7.8,1,0.9968,0.997,0.016,0.33045802
8.32,1,0.9968,0.997,0.016,0.34396727
8.84,1,0.9968,0.997,0.016,0.35707412
9.36,1,0.9968,0.997,0.016,0.36969356
9.88,1,0.9968,0.997,0.016,0.38150784
10.4,1,0.9968,0.997,0.016,0.39167271
10.92,1,0.9968,0.997,0.016,0.39848619
11.44,1,0.9968,0.997,0.016,0.39932278
11.96,1,0.9968,0.997,0.016,0.3911462
12.48,1,0.9968,0.997,0.016,0.37150621
13,1,0.9968,0.997,0.016,0.33937094
13.52,1,0.9968,0.997,0.016,0.29511279
14.04,1,0.9968,0.997,0.016,0.23964786
14.56,1,0.9968,0.997,0.016,0.17342276
15.08,1,0.9968,0.997,0.016,0.09589936
15.6,1,0.9968,0.997,0.016,0.02722718
16.12,1,0.9968,0.997,0.016,0
16.64,1,0.9968,0.997,0.016,0
17.16,1,0.9968,0.997,0.016,0
17.68,1,0.9968,0.997,0.016,0
18.2,1,0.9968,0.997,0.016,0
18.72,1,0.9968,0.997,0.016,0
19.24,1,0.9968,0.997,0.016,0
19.76,1,0.9968,0.997,0.016,0
20.28,1,0.9968,0.997,0.016,0
-5.2,1,0.9966,0.9968,0.017,0.00001177
-4.68,1,0.9966,0.9968,0.017,0.00004288
-4.16,1,0.9966,0.9968,0.017,0.00013599
-3.64,1,0.9966,0.9968,0.017,0.00038409
-3.12,1,0.9966,0.9968,0.017,0.00098592
-2.6,1,0.9966,0.9968,0.017,0.00234093
-2.08,1,0.9966,0.9968,0.017,0.00521885
-1.56,1,0.9966,0.9968,0.017,0.0110603
-1.04,1,0.9966,0.9968,0.017,0.02250358
-0.52,1,0.9966,0.9968,0.017,0.0442973
0,1,0.9966,0.9968,0.017,0.07603725
0.52,1,0.9966,0.9968,0.017,0.10483021
1.04,1,0.9966,0.9968,0.017,0.12588557
1.56,1,0.9966,0.9968,0.017,0.14631454
2.08,1,0.9966,0.9968,0.017,0.16613579
2.6,1,0.9966,0.9968,0.017,0.1853674
3.12,1,0.9966,0.9968,0.017,0.20402696
3.64,1,0.9966,0.9968,0.017,0.22213148
4.16,1,0.9966,0.9968,0.017,0.23969751
4.68,1,0.9966,0.9968,0.017,0.25674107
5.2,1,0.9966,0.9968,0.017,0.27327773
5.72,1,0.9966,0.9968,0.017,0.28932257
6.24,1,0.9966,0.9968,0.017,0.30489024
6.76,1,0.9966,0.9968,0.017,0.31999493
7.28,1,0.9966,0.9968,0.017,0.33465031
7.8,1,0.9966,0.9968,0.017,0.34886831
8.32,1,0.9966,0.9968,0.017,0.36265177
8.84,1,0.9966,0.9968,0.017,0.37596263
9.36,1,0.9966,0.9968,0.017,0.38862576
9.88,1,0.9966,0.9968,0.017,0.40012232
10.4,1,0.9966,0.9968,0.017,0.40929425
10.92,1,0.9966,0.9968,0.017,0.41413892
11.44,1,0.9966,0.9968,0.017,0.41198853
11.96,1,0.9966,0.9968,0.017,0.40020442
12.48,1,0.9966,0.9968,0.017,0.37706511
13,1,0.9966,0.9968,0.017,0.34221209
13.52,1,0.9966,0.9968,0.017,0.29628277
14.04,1,0.9966,0.9968,0.017,0.24002033
14.56,1,0.9966,0.9968,0.017,0.1735092
15.08,1,0.9966,0.9968,0.017,0.09591265
15.6,1,0.9966,0.9968,0.017,0.02722828
16.12,1,0.9966,0.9968,0.017,0
16.64,1,0.9966,0.9968,0.017,0
17.16,1,0.9966,0.9968,0.017,0
17.68,1,0.9966,0.9968,0.017,0
18.2,1,0.9966,0.9968,0.017,0
18.72,1,0.9966,0.9968,0.017,0
19.24,1,0.9966,0.9968,0.017,0
19.76,1,0.9966,0.9968,0.017,0
20.28,1,0.9966,0.9968,0.017,0
-5.2,1,0.9964,0.9966,0.018,0.00002023
-4.68,1,0.9964,0.9966,0.018,0.00006677
-4.16,1,0.9964,0.9966,0.018,0.00019556
-3.64,1,0.9964,0.9966,0.018,0.00051837
-3.12,1,0.9964,0.9966,0.018,0.00126543
-2.6,1,0.9964,0.9966,0.018,0.00288806
-2.08,1,0.9964,0.9966,0.018,0.00624133
-1.56,1,0.9964,0.9966,0.018,0.01290568
-1.04,1,0.9964,0.9966,0.018,0.02574694
-0.52,1,0.9964,0.9966,0.018,0.04988064
0,1,0.9964,0.9966,0.018,0.08450603
0.52,1,0.9964,0.9966,0.018,0.11523136
1.04,1,0.9964,0.9966,0.018,0.13717819
1.56,1,0.9964,0.9966,0.018,0.15843431
2.08,1,0.9964,0.9966,0.018,0.17902147
2.6,1,0.9964,0.9966,0.018,0.19896077
3.12,1,0.9964,0.9966,0.018,0.21827261
3.64,1,0.9964,0.9966,0.018,0.23697675
4.16,1,0.9964,0.9966,0.018,0.25509234
4.68,1,0.9964,0.9966,0.018,0.27263791
5.2,1,0.9964,0.9966,0.018,0.28963142
5.72,1,0.9964,0.9966,0.018,0.30609025
6.24,1,0.9964,0.9966,0.018,0.32203124
6.76,1,0.9964,0.9966,0.018,0.33747064
7.28,1,0.9964,0.9966,0.018,0.35242358
7.8,1,0.9964,0.9966,0.018,0.36690039
8.32,1,0.9964,0.9966,0.018,0.38088943
8.84,1,0.9964,0.9966,0.018,0.39430006
9.36,1,0.9964,0.9966,0.018,0.40682503
9.88,1,0.9964,0.9966,0.018,0.41770643
10.4,1,0.9964,0.9966,0.018,0.42549133
10.92,1,0.9964,0.9966,0.018,0.42799685
11.44,1,0.9964,0.9966,0.018,0.42269837
11.96,1,0.9964,0.9966,0.018,0.40747738
12.48,1,0.9964,0.9966,0.018,0.38128963
13,1,0.9964,0.9966,0.018,0.34425339
13.52,1,0.9964,0.9966,0.018,0.29707778
14.04,1,0.9964,0.9966,0.018,0.24026003
14.56,1,0.9964,0.9966,0.018,0.173562
15.08,1,0.9964,0.9966,0.018,0.09592039
15.6,1,0.9964,0.9966,0.018,0.0272289
16.12,1,0.9964,0.9966,0.018,0
16.64,1,0.9964,0.9966,0.018,0
17.16,1,0.9964,0.9966,0.018,0
17.68,1,0.9964,0.9966,0.018,0
18.2,1,0.9964,0.9966,0.018,0
18.72,1,0.9964,0.9966,0.018,0
19.24,1,0.9964,0.9966,0.018,0
19.76,1,0.9964,0.9966,0.018,0
20.28,1,0.9964,0.9966,0.018,0
-5.2,1,0.9962,0.9964,0.019,0.0000324
-4.68,1,0.9962,0.9964,0.019,0.00009841
-4.16,1,0.9962,0.9964,0.019,0.00026956
-3.64,1,0.9962,0.9964,0.019,0.00067722
-3.12,1,0.9962,0.9964,0.019,0.00158417
-2.6,1,0.9962,0.9964,0.019,0.00349532
-2.08,1,0.9962,0.9964,0.019,0.00735372
-1.56,1,0.9962,0.9964,0.019,0.01488339
-1.04,1,0.9962,0.9964,0.019,0.0291827
-0.52,1,0.9962,0.9964,0.019,0.05574037
0,1,0.9962,0.9964,0.019,0.09332599
0.52,1,0.9962,0.9964,0.019,0.12598612
1.04,1,0.9962,0.9964,0.019,0.14877474
1.56,1,0.9962,0.9964,0.019,0.17080698
2.08,1,0.9962,0.9964,0.019,0.19210796
2.6,1,0.9962,0.9964,0.019,0.21270198
3.12,1,0.9962,0.9964,0.019,0.23261252
3.64,1,0.9962,0.9964,0.019,0.2518623
4.16,1,0.9962,0.9964,0.019,0.27047325
4.68,1,0.9962,0.9964,0.019,0.2884666
5.2,1,0.9962,0.9964,0.019,0.30586286
5.72,1,0.9962,0.9964,0.019,0.32268185
6.24,1,0.9962,0.9964,0.019,0.33894271
6.76,1,0.9962,0.9964,0.019,0.35466369
7.28,1,0.9962,0.9964,0.019,0.36986028
7.8,1,0.9962,0.9964,0.019,0.38453613
8.32,1,0.9962,0.9964,0.019,0.39865014
8.84,1,0.9962,0.9964,0.019,0.41202846
9.36,1,0.9962,0.9964,0.019,0.42419301
9.88,1,0.9962,0.9964,0.019,0.43413377
10.4,1,0.9962,0.9964,0.019,0.44016319
10.92,1,0.9962,0.9964,0.019,0.44006081
11.44,1,0.9962,0.9964,0.019,0.43159732
11.96,1,0.9962,0.9964,0.019,0.41322008
12.48,1,0.9962,0.9964,0.019,0.38445236
13,1,0.9962,0.9964,0.019,0.34570158
13.52,1,0.9962,0.9964,0.019,0.29761259
14.04,1,0.9962,0.9964,0.019,0.24041315
14.56,1,0.9962,0.9964,0.019,0.17359411
15.08,1,0.9962,0.9964,0.019,0.09592488
15.6,1,0.9962,0.9964,0.019,0.02722924
16.12,1,0.9962,0.9964,0.019,0
16.64,1,0.9962,0.9964,0.019,0
17.16,1,0.9962,0.9964,0.019,0
17.68,1,0.9962,0.9964,0.019,0
18.2,1,0.9962,0.9964,0.019,0
18.72,1,0.9962,0.9964,0.019,0
19.24,1,0.9962,0.9964,0.019,0
19.76,1,0.9962,0.9964,0.019,0
20.28,1,0.9962,0.9964,0.019,0
-5.2,1,0.996,0.9962,0.02,0.00004896
-4.68,1,0.996,0.9962,0.02,0.00013864
-4.16,1,0.996,0.9962,0.02,0.00035875
-3.64,1,0.996,0.9962,0.02,0.00086104
-3.12,1,0.996,0.9962,0.02,0.00194193
-2.6,1,0.996,0.9962,0.02,0.00416163
-2.08,1,0.996,0.9962,0.02,0.00855368
-1.56,1,0.996,0.9962,0.02,0.01698919
-1.04,1,0.996,0.9962,0.02,0.03280354
-0.52,1,0.996,0.9962,0.02,0.06186369
0,1,0.996,0.9962,0.02,0.1024782
0.52,1,0.996,0.9962,0.02,0.13707276
1.04,1,0.996,0.9962,0.02,0.16065254
1.56,1,0.996,0.9962,0.02,0.18340921
2.08,1,0.996,0.9962,0.02,0.20537152
2.6,1,0.996,0.9962,0.02,0.22656723
3.12,1,0.996,0.9962,0.02,0.24702311
3.64,1,0.996,0.9962,0.02,0.26676501
4.16,1,0.996,0.9962,0.02,0.28581787
4.68,1,0.996,0.9962,0.02,0.30420576
5.2,1,0.996,0.9962,0.02,0.32195189
5.72,1,0.996,0.9962,0.02,0.33907868
6.24,1,0.996,0.9962,0.02,0.3556076
6.76,1,0.996,0.9962,0.02,0.37155837
7.28,1,0.996,0.9962,0.02,0.38694415
7.8,1,0.996,0.9962,0.02,0.40175293
8.32,1,0.996,0.9962,0.02,0.4158932
8.84,1,0.996,0.9962,0.02,0.42907507
9.36,1,0.996,0.9962,0.02,0.44062298
9.88,1,0.996,0.9962,0.02,0.44929268
10.4,1,0.996,0.9962,0.02,0.45325408
10.92,1,0.996,0.9962,0.02,0.45039027
11.44,1,0.996,0.9962,0.02,0.4388695
11.96,1,0.996,0.9962,0.02,0.41768436
12.48,1,0.996,0.9962,0.02,0.38678777
13,1,0.996,0.9962,0.02,0.34671719
13.52,1,0.996,0.9962,0.02,0.29796908
14.04,1,0.996,0.9962,0.02,0.24051031
14.56,1,0.996,0.9962,0.02,0.17361355
15.08,1,0.996,0.9962,0.02,0.09592749
15.6,1,0.996,0.9962,0.02,0.02722944
16.12,1,0.996,0.9962,0.02,0
16.64,1,0.996,0.9962,0.02,0
17.16,1,0.996,0.9962,0.02,0
17.68,1,0.996,0.9962,0.02,0
18.2,1,0.996,0.9962,0.02,0
18.72,1,0.996,0.9962,0.02,0
19.24,1,0.996,0.9962,0.02,0
19.76,1,0.996,0.9962,0.02,0
20.28,1,0.996,0.9962,0.02,0
-5.2,1,0.9958,0.996,0.021,0.00007053
-4.68,1,0.9958,0.996,0.021,0.0001881
-4.16,1,0.9958,0.996,0.021,0.00046363
-3.64,1,0.9958,0.996,0.021,0.00106996
-3.12,1,0.9958,0.996,0.021,0.00233823
-2.6,1,0.9958,0.996,0.021,0.00488564
-2.08,1,0.9958,0.996,0.021,0.00983859
-1.56,1,0.9958,0.996,0.021,0.01921845
-1.04,1,0.9958,0.996,0.021,0.03660146
-0.52,1,0.9958,0.996,0.021,0.06823812
0,1,0.9958,0.996,0.021,0.11194485
0.52,1,0.9958,0.996,0.021,0.14846922
1.04,1,0.9958,0.996,0.021,0.17278874
1.56,1,0.9958,0.996,0.021,0.19621766
2.08,1,0.9958,0.996,0.021,0.2187886
2.6,1,0.9958,0.996,0.021,0.24053303
3.12,1,0.9958,0.996,0.021,0.26148123
3.64,1,0.9958,0.996,0.021,0.28166236
4.16,1,0.9958,0.996,0.021,0.30110455
4.68,1,0.9958,0.996,0.021,0.31983486
5.2,1,0.9958,0.996,0.021,0.33787936
5.72,1,0.9958,0.996,0.021,0.35526313
6.24,1,0.9958,0.996,0.021,0.37200979
6.76,1,0.9958,0.996,0.021,0.38813913
7.28,1,0.9958,0.996,0.021,0.40365675
7.8,1,0.9958,0.996,0.021,0.41852136
8.32,1,0.9958,0.996,0.021,0.43256591
8.84,1,0.9958,0.996,0.021,0.4453554
9.36,1,0.9958,0.996,0.021,0.45600963
9.88,1,0.9958,0.996,0.021,0.46309807
10.4,1,0.9958,0.996,0.021,0.46475718
10.92,1,0.9958,0.996,0.021,0.45909326
11.44,1,0.9958,0.996,0.021,0.4447194
11.96,1,0.9958,0.996,0.021,0.42110484
12.48,1,0.9958,0.996,0.021,0.38849051
13,1,0.9958,0.996,0.021,0.34742194
13.52,1,0.9958,0.996,0.021,0.29820472
14.04,1,0.9958,0.996,0.021,0.24057159
14.56,1,0.9958,0.996,0.021,0.17362527
15.08,1,0.9958,0.996,0.021,0.095929
15.6,1,0.9958,0.996,0.021,0.02722955
16.12,1,0.9958,0.996,0.021,0
16.64,1,0.9958,0.996,0.021,0
17.16,1,0.9958,0.996,0.021,0
17.68,1,0.9958,0.996,0.021,0
18.2,1,0.9958,0.996,0.021,0
18.72,1,0.9958,0.996,0.021,0
19.24,1,0.9958,0.996,0.021,0
19.76,1,0.9958,0.996,0.021,0
20.28,1,0.9958,0.996,0.021,0
-5.2,1,0.9956,0.9958,0.022,0.00009761
-4.68,1,0.9956,0.9958,0.022,0.00024727
-4.16,1,0.9956,0.9958,0.022,0.00058447
-3.64,1,0.9956,0.9958,0.022,0.00130386
-3.12,1,0.9956,0.9958,0.022,0.00277239
-2.6,1,0.9956,0.9958,0.022,0.00566584
-2.08,1,0.9956,0.9958,0.022,0.01120568
-1.56,1,0.9956,0.9958,0.022,0.02156634
-1.04,1,0.9956,0.9958,0.022,0.04056853
-0.52,1,0.9956,0.9958,0.022,0.07485063
0,1,0.9956,0.9958,0.022,0.12170671
0.52,1,0.9956,0.9958,0.022,0.16015315
1.04,1,0.9956,0.9958,0.022,0.18516035
1.56,1,0.9956,0.9958,0.022,0.20920899
2.08,1,0.9956,0.9958,0.022,0.23233584
2.6,1,0.9956,0.9958,0.022,0.25457625
3.12,1,0.9956,0.9958,0.022,0.27596424
3.64,1,0.9956,0.9958,0.022,0.29653247
4.16,1,0.9956,0.9958,0.022,0.31631241
4.68,1,0.9956,0.9958,0.022,0.33533426
5.2,1,0.9956,0.9958,0.022,0.35362707
5.72,1,0.9956,0.9958,0.022,0.37121853
6.24,1,0.9956,0.9958,0.022,0.38813373
6.76,1,0.9956,0.9958,0.022,0.40438958
7.28,1,0.9956,0.9958,0.022,0.41997557
7.8,1,0.9956,0.9958,0.022,0.4348032
8.32,1,0.9956,0.9958,0.022,0.44860402
8.84,1,0.9956,0.9958,0.022,0.46077898
9.36,1,0.9956,0.9958,0.022,0.47025925
9.88,1,0.9956,0.9958,0.022,0.47549969
10.4,1,0.9956,0.9958,0.022,0.47471273
10.92,1,0.9956,0.9958,0.022,0.46631305
11.44,1,0.9956,0.9958,0.022,0.44935583
11.96,1,0.9956,0.9958,0.022,0.42369043
12.48,1,0.9956,0.9958,0.022,0.3897175
13,1,0.9956,0.9958,0.022,0.34790623
13.52,1,0.9956,0.9958,0.022,0.2983593
14.04,1,0.9956,0.9958,0.022,0.24061002
14.56,1,0.9956,0.9958,0.022,0.17363232
15.08,1,0.9956,0.9958,0.022,0.09592988
15.6,1,0.9956,0.9958,0.022,0.02722961
16.12,1,0.9956,0.9958,0.022,0
16.64,1,0.9956,0.9958,0.022,0
17.16,1,0.9956,0.9958,0.022,0
17.68,1,0.9956,0.9958,0.022,0
18.2,1,0.9956,0.9958,0.022,0
18.72,1,0.9956,0.9958,0.022,0
19.24,1,0.9956,0.9958,0.022,0
19.76,1,0.9956,0.9958,0.022,0
20.28,1,0.9956,0.9958,0.022,0
-5.2,1,0.9954,0.9956,0.023,0.00013061
-4.68,1,0.9954,0.9956,0.023,0.00031647
-4.16,1,0.9954,0.9956,0.023,0.00072137
-3.64,1,0.9954,0.9956,0.023,0.00156245
-3.12,1,0.9954,0.9956,0.023,0.00324357
-2.6,1,0.9954,0.9956,0.023,0.00650056
-2.08,1,0.9954,0.9956,0.023,0.01265198
-1.56,1,0.9954,0.9956,0.023,0.02402784
-1.04,1,0.9954,0.9956,0.023,0.04469653
-0.52,1,0.9954,0.9956,0.023,0.08168774
0,1,0.9954,0.9956,0.023,0.13174429
0.52,1,0.9954,0.9956,0.023,0.17210198
1.04,1,0.9954,0.9956,0.023,0.19774433
1.56,1,0.9954,0.9956,0.023,0.22236001
2.08,1,0.9954,0.9956,0.023,0.24599013
2.6,1,0.9954,0.9956,0.023,0.26867419
3.12,1,0.9954,0.9956,0.023,0.29045008
3.64,1,0.9954,0.9956,0.023,0.31135417
4.16,1,0.9954,0.9956,0.023,0.3314214
4.68,1,0.9954,0.9956,0.023,0.35068526
5.2,1,0.9954,0.9956,0.023,0.3691778
5.72,1,0.9954,0.9956,0.023,0.38692902
6.24,1,0.9954,0.9956,0.023,0.40396386
6.76,1,0.9954,0.9956,0.023,0.42029118
7.28,1,0.9954,0.9956,0.023,0.43587218
7.8,1,0.9954,0.9956,0.023,0.45055054
8.32,1,0.9954,0.9956,0.023,0.46393432
8.84,1,0.9954,0.9956,0.023,0.47525672
9.36,1,0.9954,0.9956,0.023,0.4832989
9.88,1,0.9954,0.9956,0.023,0.48648593
10.4,1,0.9954,0.9956,0.023,0.48320157
10.92,1,0.9954,0.9956,0.023,0.4722143
11.44,1,0.9954,0.9956,0.023,0.45297959
11.96,1,0.9954,0.9956,0.023,0.42562053
12.48,1,0.9954,0.9956,0.023,0.39059214
13,1,0.9954,0.9956,0.023,0.34823605
13.52,1,0.9954,0.9956,0.023,0.29845999
14.04,1,0.9954,0.9956,0.023,0.24063399
14.56,1,0.9954,0.9956,0.023,0.17363654
15.08,1,0.9954,0.9956,0.023,0.09593038
15.6,1,0.9954,0.9956,0.023,0.02722965
16.12,1,0.9954,0.9956,0.023,0
16.64,1,0.9954,0.9956,0.023,0
17.16,1,0.9954,0.9956,0.023,0
17.68,1,0.9954,0.9956,0.023,0
18.2,1,0.9954,0.9956,0.023,0
18.72,1,0.9954,0.9956,0.023,0
19.24,1,0.9954,0.9956,0.023,0
19.76,1,0.9954,0.9956,0.023,0
20.28,1,0.9954,0.9956,0.023,0
-5.2,1,0.9952,0.9954,0.024,0.00016982
-4.68,1,0.9952,0.9954,0.024,0.00039587
-4.16,1,0.9952,0.9954,0.024,0.00087426
-3.64,1,0.9952,0.9954,0.024,0.00184532
-3.12,1,0.9952,0.9954,0.024,0.00375081
-2.6,1,0.9952,0.9954,0.024,0.00738801
-2.08,1,0.9952,0.9954,0.024,0.01417437
-1.56,1,0.9952,0.9954,0.024,0.02659781
-1.04,1,0.9952,0.9954,0.024,0.04897701
-0.52,1,0.9952,0.9954,0.024,0.08873568
0,1,0.9952,0.9954,0.024,0.14203787
0.52,1,0.9952,0.9954,0.024,0.18429298
1.04,1,0.9952,0.9954,0.024,0.21051768
1.56,1,0.9952,0.9954,0.024,0.23564769
2.08,1,0.9952,0.9954,0.024,0.25972873
2.6,1,0.9952,0.9954,0.024,0.2828046
3.12,1,0.9952,0.9954,0.024,0.3049173
3.64,1,0.9952,0.9954,0.024,0.32610703
4.16,1,0.9952,0.9954,0.024,0.34641233
4.68,1,0.9952,0.9954,0.024,0.36587007
5.2,1,0.9952,0.9954,0.024,0.3845152
5.72,1,0.9952,0.9954,0.024,0.40237917
6.24,1,0.9952,0.9954,0.024,0.41948373
6.76,1,0.9952,0.9954,0.024,0.43582173
7.28,1,0.9952,0.9954,0.024,0.45131084
7.8,1,0.9952,0.9954,0.024,0.46570634
8.32,1,0.9952,0.9954,0.024,0.47847917
8.84,1,0.9952,0.9954,0.024,0.48870884
9.36,1,0.9952,0.9954,0.024,0.49508306
9.88,1,0.9952,0.9954,0.024,0.49608333
10.4,1,0.9952,0.9954,0.024,0.49033587
10.92,1,0.9952,0.9954,0.024,0.47697027
11.44,1,0.9952,0.9954,0.024,0.45577498
11.96,1,0.9952,0.9954,0.024,0.42704457
12.48,1,0.9952,0.9954,0.024,0.39120937
13,1,0.9952,0.9954,0.024,0.34845883
13.52,1,0.9952,0.9954,0.024,0.29852515
14.04,1,0.9952,0.9954,0.024,0.24064888
14.56,1,0.9952,0.9954,0.024,0.17363906
15.08,1,0.9952,0.9954,0.024,0.09593067
15.6,1,0.9952,0.9954,0.024,0.02722967
16.12,1,0.9952,0.9954,0.024,0
16.64,1,0.9952,0.9954,0.024,0
17.16,1,0.9952,0.9954,0.024,0
17.68,1,0.9952,0.9954,0.024,0
18.2,1,0.9952,0.9954,0.024,0
18.72,1,0.9952,0.9954,0.024,0
19.24,1,0.9952,0.9954,0.024,0
19.76,1,0.9952,0.9954,0.024,0
20.28,1,0.9952,0.9954,0.024,0
-5.2,1,0.995,0.9952,0.025,0.00021544
-4.68,1,0.995,0.9952,0.025,0.00048555
-4.16,1,0.995,0.9952,0.025,0.00104297
-3.64,1,0.995,0.9952,0.025,0.00215193
-3.12,1,0.995,0.9952,0.025,0.00429303
-2.6,1,0.995,0.9952,0.025,0.00832628
-2.08,1,0.995,0.9952,0.025,0.01576964
-1.56,1,0.995,0.9952,0.025,0.02927091
-1.04,1,0.995,0.9952,0.025,0.05340128
-0.52,1,0.995,0.9952,0.025,0.09598044
0,1,0.995,0.9952,0.025,0.15256754
0.52,1,0.995,0.9952,0.025,0.19670336
1.04,1,0.995,0.9952,0.025,0.22345746
1.56,1,0.995,0.9952,0.025,0.24904925
2.08,1,0.995,0.9952,0.025,0.27352926
2.6,1,0.995,0.9952,0.025,0.2969458
3.12,1,0.995,0.9952,0.025,0.31934511
3.64,1,0.995,0.9952,0.025,0.34077137
4.16,1,0.995,0.9952,0.025,0.36126686
4.68,1,0.995,0.9952,0.025,0.38087179
5.2,1,0.995,0.9952,0.025,0.39962359
5.72,1,0.995,0.9952,0.025,0.41755344
6.24,1,0.995,0.9952,0.025,0.43467486
6.76,1,0.995,0.9952,0.025,0.45095397
7.28,1,0.995,0.9952,0.025,0.46624791
7.8,1,0.995,0.9952,0.025,0.4802066
8.32,1,0.995,0.9952,0.025,0.49216224
8.84,1,0.995,0.9952,0.025,0.50107202
9.36,1,0.995,0.9952,0.025,0.50559716
9.88,1,0.995,0.9952,0.025,0.50435252
10.4,1,0.995,0.9952,0.025,0.49624874
10.92,1,0.995,0.9952,0.025,0.48075232
11.44,1,0.995,0.9952,0.025,0.45790501
11.96,1,0.995,0.9952,0.025,0.42808386
12.48,1,0.995,0.9952,0.025,0.39164092
13,1,0.995,0.9952,0.025,0.34860814
13.52,1,0.995,0.9952,0.025,0.29856706
14.04,1,0.995,0.9952,0.025,0.24065809
14.56,1,0.995,0.9952,0.025,0.17364056
15.08,1,0.995,0.9952,0.025,0.09593084
15.6,1,0.995,0.9952,0.025,0.02722968
16.12,1,0.995,0.9952,0.025,0
16.64,1,0.995,0.9952,0.025,0
17.16,1,0.995,0.9952,0.025,0
17.68,1,0.995,0.9952,0.025,0
18.2,1,0.995,0.9952,0.025,0
18.72,1,0.995,0.9952,0.025,0
19.24,1,0.995,0.9952,0.025,0
19.76,1,0.995,0.9952,0.025,0
20.28,1,0.995,0.9952,0.025,0
-5.2,1,0.9948,0.995,0.026,0.0002676
-4.68,1,0.9948,0.995,0.026,0.00058547
-4.16,1,0.9948,0.995,0.026,0.00122725
-3.64,1,0.9948,0.995,0.026,0.00248168
-3.12,1,0.9948,0.995,0.026,0.00486908
-2.6,1,0.9948,0.995,0.026,0.00931336
-2.08,1,0.9948,0.995,0.026,0.01743444
-1.56,1,0.9948,0.995,0.026,0.03204168
-1.04,1,0.9948,0.995,0.026,0.05796045
-0.52,1,0.9948,0.995,0.026,0.10340783
0,1,0.9948,0.995,0.026,0.16331327
0.52,1,0.9948,0.995,0.026,0.20931032
1.04,1,0.9948,0.995,0.026,0.23654089
1.56,1,0.9948,0.995,0.026,0.26254221
2.08,1,0.9948,0.995,0.026,0.2873698
2.6,1,0.9948,0.995,0.026,0.31107667
3.12,1,0.9948,0.995,0.026,0.33371342
3.64,1,0.9948,0.995,0.026,0.35532836
4.16,1,0.9948,0.995,0.026,0.37596752
4.68,1,0.9948,0.995,0.026,0.3956743
5.2,1,0.9948,0.995,0.026,0.41448764
5.72,1,0.9948,0.995,0.026,0.43243537
6.24,1,0.9948,0.995,0.026,0.44951553
6.76,1,0.9948,0.995,0.026,0.46565451
7.28,1,0.9948,0.995,0.026,0.48063246
7.8,1,0.9948,0.995,0.026,0.49398397
8.32,1,0.9948,0.995,0.026,0.50491474
8.84,1,0.9948,0.995,0.026,0.51230481
9.36,1,0.9948,0.995,0.026,0.51485784
9.88,1,0.9948,0.995,0.026,0.51138169
10.4,1,0.9948,0.995,0.026,0.50108418
10.92,1,0.9948,0.995,0.026,0.48372207
11.44,1,0.9948,0.995,0.026,0.45950945
11.96,1,0.9948,0.995,0.026,0.42883466
12.48,1,0.9948,0.995,0.026,0.39194003
13,1,0.9948,0.995,0.026,0.34870751
13.52,1,0.9948,0.995,0.026,0.29859387
14.04,1,0.9948,0.995,0.026,0.24066375
14.56,1,0.9948,0.995,0.026,0.17364145
15.08,1,0.9948,0.995,0.026,0.09593094
15.6,1,0.9948,0.995,0.026,0.02722968
16.12,1,0.9948,0.995,0.026,0
16.64,1,0.9948,0.995,0.026,0
17.16,1,0.9948,0.995,0.026,0
17.68,1,0.9948,0.995,0.026,0
18.2,1,0.9948,0.995,0.026,0
18.72,1,0.9948,0.995,0.026,0
19.24,1,0.9948,0.995,0.026,0
19.76,1,0.9948,0.995,0.026,0
20.28,1,0.9948,0.995,0.026,0
-5.2,1,0.9946,0.9948,0.027,0.00032633
-4.68,1,0.9946,0.9948,0.027,0.00069553
-4.16,1,0.9946,0.9948,0.027,0.00142676
-3.64,1,0.9946,0.9948,0.027,0.00283387
-3.12,1,0.9946,0.9948,0.027,0.00547774
-2.6,1,0.9946,0.9948,0.027,0.01034718
-2.08,1,0.9946,0.9948,0.027,0.01916534
-1.56,1,0.9946,0.9948,0.027,0.0349045
-1.04,1,0.9946,0.9948,0.027,0.0626455
-0.52,1,0.9946,0.9948,0.027,0.11100353
0,1,0.9946,0.9948,0.027,0.17425497
0.52,1,0.9946,0.9948,0.027,0.22209112
1.04,1,0.9946,0.9948,0.027,0.24974542
1.56,1,0.9946,0.9948,0.027,0.27610447
2.08,1,0.9946,0.9948,0.027,0.30122895
2.6,1,0.9946,0.9948,0.027,0.32517671
3.12,1,0.9946,0.9948,0.027,0.34800287
3.64,1,0.9946,0.9948,0.027,0.36975994
4.16,1,0.9946,0.9948,0.027,0.39049765
4.68,1,0.9946,0.9948,0.027,0.41026207
5.2,1,0.9946,0.9948,0.027,0.42909182
5.72,1,0.9946,0.9948,0.027,0.44700664
6.24,1,0.9946,0.9948,0.027,0.46397967
6.76,1,0.9946,0.9948,0.027,0.47988348
7.28,1,0.9946,0.9948,0.027,0.49440806
7.8,1,0.9946,0.9948,0.027,0.50697229
8.32,1,0.9946,0.9948,0.027,0.51668103
8.84,1,0.9946,0.9948,0.027,0.52239084
9.36,1,0.9946,0.9948,0.027,0.52291051
9.88,1,0.9946,0.9948,0.027,0.51727888
10.4,1,0.9946,0.9948,0.027,0.50498833
10.92,1,0.9946,0.9948,0.027,0.48602626
11.44,1,0.9946,0.9948,0.027,0.46070497
11.96,1,0.9946,0.9948,0.027,0.42937194
12.48,1,0.9946,0.9948,0.027,0.39214568
13,1,0.9946,0.9948,0.027,0.3487732
13.52,1,0.9946,0.9948,0.027,0.29861094
14.04,1,0.9946,0.9948,0.027,0.24066723
14.56,1,0.9946,0.9948,0.027,0.17364198
15.08,1,0.9946,0.9948,0.027,0.09593099
15.6,1,0.9946,0.9948,0.027,0.02722969
16.12,1,0.9946,0.9948,0.027,0
16.64,1,0.9946,0.9948,0.027,0
17.16,1,0.9946,0.9948,0.027,0
17.68,1,0.9946,0.9948,0.027,0
18.2,1,0.9946,0.9948,0.027,0
18.72,1,0.9946,0.9948,0.027,0
19.24,1,0.9946,0.9948,0.027,0
19.76,1,0.9946,0.9948,0.027,0
20.28,1,0.9946,0.9948,0.027,0
-5.2,1,0.9944,0.9946,0.028,0.00039162
-4.68,1,0.9944,0.9946,0.028,0.00081557
-4.16,1,0.9944,0.9946,0.028,0.00164111
-3.64,1,0.9944,0.9946,0.028,0.00320777
-3.12,1,0.9944,0.9946,0.028,0.00611771
-2.6,1,0.9944,0.9946,0.028,0.01142558
-2.08,1,0.9944,0.9946,0.028,0.02095879
-1.56,1,0.9944,0.9946,0.028,0.03785364
-1.04,1,0.9944,0.9946,0.028,0.06744729
-0.52,1,0.9944,0.9946,0.028,0.11875314
0,1,0.9944,0.9946,0.028,0.18537251
0.52,1,0.9944,0.9946,0.028,0.23502314
1.04,1,0.9944,0.9946,0.028,0.26304876
1.56,1,0.9944,0.9946,0.028,0.28971431
2.08,1,0.9944,0.9946,0.028,0.31508582
2.6,1,0.9944,0.9946,0.028,0.33922609
3.12,1,0.9944,0.9946,0.028,0.36219488
3.64,1,0.9944,0.9946,0.028,0.38404888
4.16,1,0.9944,0.9946,0.028,0.4048413
4.68,1,0.9944,0.9946,0.028,0.42461982
5.2,1,0.9944,0.9946,0.028,0.44341972
5.72,1,0.9944,0.9946,0.028,0.46124609
6.24,1,0.9944,0.9946,0.028,0.47803605
6.76,1,0.9944,0.9946,0.028,0.49359512
7.28,1,0.9944,0.9946,0.028,0.50751567
7.8,1,0.9944,0.9946,0.028,0.51911151
8.32,1,0.9944,0.9946,0.028,0.52742319
8.84,1,0.9944,0.9946,0.028,0.53133953
9.36,1,0.9944,0.9946,0.028,0.52982474
9.88,1,0.9944,0.9946,0.028,0.52216406
10.4,1,0.9944,0.9946,0.028,0.50810237
10.92,1,0.9944,0.9946,0.028,0.48779397
11.44,1,0.9944,0.9946,0.028,0.46158678
11.96,1,0.9944,0.9946,0.028,0.429753
12.48,1,0.9944,0.9946,0.028,0.39228601
13,1,0.9944,0.9946,0.028,0.34881637
13.52,1,0.9944,0.9946,0.028,0.29862174
14.04,1,0.9944,0.9946,0.028,0.24066936
14.56,1,0.9944,0.9946,0.028,0.17364229
15.08,1,0.9944,0.9946,0.028,0.09593102
15.6,1,0.9944,0.9946,0.028,0.02722969
16.12,1,0.9944,0.9946,0.028,0
16.64,1,0.9944,0.9946,0.028,0
17.16,1,0.9944,0.9946,0.028,0
17.68,1,0.9944,0.9946,0.028,0
18.2,1,0.9944,0.9946,0.028,0
18.72,1,0.9944,0.9946,0.028,0
19.24,1,0.9944,0.9946,0.028,0
19.76,1,0.9944,0.9946,0.028,0
20.28,1,0.9944,0.9946,0.028,0
-5.2,1,0.9942,0.9944,0.029,0.0004634
-4.68,1,0.9942,0.9944,0.029,0.00094537
-4.16,1,0.9942,0.9944,0.029,0.00186985
-3.64,1,0.9942,0.9944,0.029,0.00360259
-3.12,1,0.9942,0.9944,0.029,0.00678764
-2.6,1,0.9942,0.9944,0.029,0.01254632
-2.08,1,0.9942,0.9944,0.029,0.02281117
-1.56,1,0.9942,0.9944,0.029,0.04088328
-1.04,1,0.9942,0.9944,0.029,0.07235657
-0.52,1,0.9942,0.9944,0.029,0.1266422
0,1,0.9942,0.9944,0.029,0.19664583
0.52,1,0.9942,0.9944,0.029,0.24808395
1.04,1,0.9942,0.9944,0.029,0.27642896
1.56,1,0.9942,0.9944,0.029,0.30335052
2.08,1,0.9942,0.9944,0.029,0.32892013
2.6,1,0.9942,0.9944,0.029,0.3532057
3.12,1,0.9942,0.9944,0.029,0.37627163
3.64,1,0.9942,0.9944,0.029,0.39817871
4.16,1,0.9942,0.9944,0.029,0.41898305
4.68,1,0.9942,0.9944,0.029,0.43873205
5.2,1,0.9942,0.9944,0.029,0.45745327
5.72,1,0.9942,0.9944,0.029,0.47512881
6.24,1,0.9942,0.9944,0.029,0.49164812
6.76,1,0.9942,0.9944,0.029,0.50673922
7.28,1,0.9942,0.9944,0.029,0.51989732
7.8,1,0.9942,0.9944,0.029,0.53035226
8.32,1,0.9942,0.9944,0.029,0.53712382
8.84,1,0.9942,0.9944,0.029,0.53918471
9.36,1,0.9942,0.9944,0.029,0.53568853
9.88,1,0.9942,0.9944,0.029,0.52616183
10.4,1,0.9942,0.9944,0.029,0.5105576
10.92,1,0.9942,0.9944,0.029,0.48913572
11.44,1,0.9942,0.9944,0.029,0.46223101
11.96,1,0.9942,0.9944,0.029,0.43002103
12.48,1,0.9942,0.9944,0.029,0.39238109
13,1,0.9942,0.9944,0.029,0.34884456
13.52,1,0.9942,0.9944,0.029,0.29862855
14.04,1,0.9942,0.9944,0.029,0.24067065
14.56,1,0.9942,0.9944,0.029,0.17364247
15.08,1,0.9942,0.9944,0.029,0.09593104
15.6,1,0.9942,0.9944,0.029,0.02722969
16.12,1,0.9942,0.9944,0.029,0
16.64,1,0.9942,0.9944,0.029,0
17.16,1,0.9942,0.9944,0.029,0
17.68,1,0.9942,0.9944,0.029,0
18.2,1,0.9942,0.9944,0.029,0
18.72,1,0.9942,0.9944,0.029,0
19.24,1,0.9942,0.9944,0.029,0
19.76,1,0.9942,0.9944,0.029,0
20.28,1,0.9942,0.9944,0.029,0
-5.2,1,0.994,0.9942,0.03,0.00054159
-4.68,1,0.994,0.9942,0.03,0.0010847
-4.16,1,0.994,0.9942,0.03,0.00211253
-3.64,1,0.994,0.9942,0.03,0.00401748
-3.12,1,0.994,0.9942,0.03,0.00748615
-2.6,1,0.994,0.9942,0.03,0.01370713
-2.08,1,0.994,0.9942,0.03,0.02471878
-1.56,1,0.994,0.9942,0.03,0.04398753
-1.04,1,0.994,0.9942,0.03,0.07736408
-0.52,1,0.994,0.9942,0.03,0.13465625
0,1,0.994,0.9942,0.03,0.20805498
0.52,1,0.994,0.9942,0.03,0.26125138
1.04,1,0.994,0.9942,0.03,0.28986447
1.56,1,0.994,0.9942,0.03,0.31699239
2.08,1,0.994,0.9942,0.03,0.34271225
2.6,1,0.994,0.9942,0.03,0.36709712
3.12,1,0.994,0.9942,0.03,0.39021604
3.64,1,0.994,0.9942,0.03,0.4121336
4.16,1,0.994,0.9942,0.03,0.43290765
4.68,1,0.994,0.9942,0.03,0.45258245
5.2,1,0.994,0.9942,0.03,0.47117185
5.72,1,0.994,0.9942,0.03,0.48862554
6.24,1,0.994,0.9942,0.03,0.50477444
6.76,1,0.994,0.9942,0.03,0.51926356
7.28,1,0.994,0.9942,0.03,0.53150002
7.8,1,0.994,0.9942,0.03,0.54065966
8.32,1,0.994,0.9942,0.03,0.54578704
8.84,1,0.994,0.9942,0.03,0.54598137
9.36,1,0.994,0.9942,0.03,0.54060203
9.88,1,0.994,0.9942,0.03,0.52939535
10.4,1,0.994,0.9942,0.03,0.51247221
10.92,1,0.994,0.9942,0.03,0.49014393
11.44,1,0.994,0.9942,0.03,0.46269747
11.96,1,0.994,0.9942,0.03,0.43020809
12.48,1,0.994,0.9942,0.03,0.39244508
13,1,0.994,0.9942,0.03,0.34886288
13.52,1,0.994,0.9942,0.03,0.29863283
14.04,1,0.994,0.9942,0.03,0.24067144
14.56,1,0.994,0.9942,0.03,0.17364258
15.08,1,0.994,0.9942,0.03,0.09593105
15.6,1,0.994,0.9942,0.03,0.02722969
16.12,1,0.994,0.9942,0.03,0
16.64,1,0.994,0.9942,0.03,0
17.16,1,0.994,0.9942,0.03,0
17.68,1,0.994,0.9942,0.03,0
18.2,1,0.994,0.9942,0.03,0
18.72,1,0.994,0.9942,0.03,0
19.24,1,0.994,0.9942,0.03,0
19.76,1,0.994,0.9942,0.03,0
20.28,1,0.994,0.9942,0.03,0
-5.2,1,0.9938,0.994,0.031,0.00062604
-4.68,1,0.9938,0.994,0.031,0.00123326
-4.16,1,0.9938,0.994,0.031,0.00236861
-3.64,1,0.9938,0.994,0.031,0.00445159
-3.12,1,0.9938,0.994,0.031,0.0082118
-2.6,1,0.9938,0.994,0.031,0.01490567
-2.08,1,0.9938,0.994,0.031,0.02667788
-1.56,1,0.9938,0.994,0.031,0.04716044
-1.04,1,0.9938,0.994,0.031,0.08246049
-0.52,1,0.9938,0.994,0.031,0.14278088
0,1,0.9938,0.994,0.031,0.21958014
0.52,1,0.9938,0.994,0.031,0.27450355
1.04,1,0.9938,0.994,0.031,0.30333416
1.56,1,0.9938,0.994,0.031,0.33061977
2.08,1,0.9938,0.994,0.031,0.3564432
2.6,1,0.9938,0.994,0.031,0.38088268
3.12,1,0.9938,0.994,0.031,0.40401177
3.64,1,0.9938,0.994,0.031,0.42589816
4.16,1,0.9938,0.994,0.031,0.44659963
4.68,1,0.9938,0.994,0.031,0.46615317
5.2,1,0.9938,0.994,0.031,0.48455167
5.72,1,0.9938,0.994,0.031,0.50170257
6.24,1,0.9938,0.994,0.031,0.51737002
6.76,1,0.9938,0.994,0.031,0.5311168
7.28,1,0.9938,0.994,0.031,0.54227957
7.8,1,0.9938,0.994,0.031,0.5500158
8.32,1,0.9938,0.994,0.031,0.55343776
8.84,1,0.9938,0.994,0.031,0.55180136
9.36,1,0.9938,0.994,0.031,0.54467163
9.88,1,0.9938,0.994,0.031,0.53198162
10.4,1,0.9938,0.994,0.031,0.5139497
10.92,1,0.9938,0.994,0.031,0.49089435
11.44,1,0.9938,0.994,0.031,0.46303235
11.96,1,0.9938,0.994,0.031,0.43033768
12.48,1,0.9938,0.994,0.031,0.39248789
13,1,0.9938,0.994,0.031,0.34887472
13.52,1,0.9938,0.994,0.031,0.2986355
14.04,1,0.9938,0.994,0.031,0.24067191
14.56,1,0.9938,0.994,0.031,0.17364264
15.08,1,0.9938,0.994,0.031,0.09593106
15.6,1,0.9938,0.994,0.031,0.02722969
16.12,1,0.9938,0.994,0.031,0
16.64,1,0.9938,0.994,0.031,0
17.16,1,0.9938,0.994,0.031,0
17.68,1,0.9938,0.994,0.031,0
18.2,1,0.9938,0.994,0.031,0
18.72,1,0.9938,0.994,0.031,0
19.24,1,0.9938,0.994,0.031,0
19.76,1,0.9938,0.994,0.031,0
20.28,1,0.9938,0.994,0.031,0
-5.2,1,0.9936,0.9938,0.032,0.00071659
-4.68,1,0.9936,0.9938,0.032,0.00139075
-4.16,1,0.9936,0.9938,0.032,0.00263758
-3.64,1,0.9936,0.9938,0.032,0.00490402
-3.12,1,0.9936,0.9938,0.032,0.0089631
-2.6,1,0.9936,0.9938,0.032,0.01613954
-2.08,1,0.9936,0.9938,0.032,0.02868465
-1.56,1,0.9936,0.9938,0.032,0.05039602
-1.04,1,0.9936,0.9938,0.032,0.0876365
-0.52,1,0.9936,0.9938,0.032,0.15100175
0,1,0.9936,0.9938,0.032,0.23120174
0.52,1,0.9936,0.9938,0.032,0.28781896
1.04,1,0.9936,0.9938,0.032,0.31681741
1.56,1,0.9936,0.9938,0.032,0.34421314
2.08,1,0.9936,0.9938,0.032,0.37009468
2.6,1,0.9936,0.9938,0.032,0.39454542
3.12,1,0.9936,0.9938,0.032,0.41764303
3.64,1,0.9936,0.9938,0.032,0.43945718
4.16,1,0.9936,0.9938,0.032,0.46004276
4.68,1,0.9936,0.9938,0.032,0.47942418
5.2,1,0.9936,0.9938,0.032,0.49756522
5.72,1,0.9936,0.9938,0.032,0.51432218
6.24,1,0.9936,0.9938,0.032,0.52938821
6.76,1,0.9936,0.9938,0.032,0.54225173
7.28,1,0.9936,0.9938,0.032,0.5522037
7.8,1,0.9936,0.9938,0.032,0.55842084
8.32,1,0.9936,0.9938,0.032,0.56011943
8.84,1,0.9936,0.9938,0.032,0.55672852
9.36,1,0.9936,0.9938,0.032,0.54800468
9.88,1,0.9936,0.9938,0.032,0.53402819
10.4,1,0.9936,0.9938,0.032,0.51507861
10.92,1,0.9936,0.9938,0.032,0.49144788
11.44,1,0.9936,0.9938,0.032,0.46327086
11.96,1,0.9936,0.9938,0.032,0.43042684
12.48,1,0.9936,0.9938,0.032,0.39251636
13,1,0.9936,0.9938,0.032,0.34888233
13.52,1,0.9936,0.9938,0.032,0.29863717
14.04,1,0.9936,0.9938,0.032,0.2406722
14.56,1,0.9936,0.9938,0.032,0.17364268
15.08,1,0.9936,0.9938,0.032,0.09593106
15.6,1,0.9936,0.9938,0.032,0.02722969
16.12,1,0.9936,0.9938,0.032,0
16.64,1,0.9936,0.9938,0.032,0
17.16,1,0.9936,0.9938,0.032,0
17.68,1,0.9936,0.9938,0.032,0
18.2,1,0.9936,0.9938,0.032,0
18.72,1,0.9936,0.9938,0.032,0
19.24,1,0.9936,0.9938,0.032,0
19.76,1,0.9936,0.9938,0.032,0
20.28,1,0.9936,0.9938,0.032,0
-5.2,1,0.9934,0.9936,0.033,0.00081306
-4.68,1,0.9934,0.9936,0.033,0.00155684
-4.16,1,0.9934,0.9936,0.033,0.00291887
-3.64,1,0.9934,0.9936,0.033,0.00537383
-3.12,1,0.9934,0.9936,0.033,0.00973856
-2.6,1,0.9934,0.9936,0.033,0.01740634
-2.08,1,0.9934,0.9936,0.033,0.03073527
-1.56,1,0.9934,0.9936,0.033,0.05368828
-1.04,1,0.9934,0.9936,0.033,0.09288282
-0.52,1,0.9934,0.9936,0.033,0.15930462
0,1,0.9934,0.9936,0.033,0.24290044
0.52,1,0.9934,0.9936,0.033,0.30117653
1.04,1,0.9934,0.9936,0.033,0.33029413
1.56,1,0.9934,0.9936,0.033,0.35775357
2.08,1,0.9934,0.9936,0.033,0.38364911
2.6,1,0.9934,0.9936,0.033,0.40806904
3.12,1,0.9934,0.9936,0.033,0.43109447
3.64,1,0.9934,0.9936,0.033,0.45279519
4.16,1,0.9934,0.9936,0.033,0.47321947
4.68,1,0.9934,0.9936,0.033,0.49237268
5.2,1,0.9934,0.9936,0.033,0.51018125
5.72,1,0.9934,0.9936,0.033,0.52644368
6.24,1,0.9934,0.9936,0.033,0.54078312
6.76,1,0.9934,0.9936,0.033,0.55262842
7.28,1,0.9934,0.9936,0.033,0.56125431
7.8,1,0.9934,0.9936,0.033,0.56589277
8.32,1,0.9934,0.9936,0.033,0.56589088
8.84,1,0.9934,0.9936,0.033,0.56085381
9.36,1,0.9934,0.9936,0.033,0.55070518
9.88,1,0.9934,0.9936,0.033,0.53563124
10.4,1,0.9934,0.9936,0.033,0.51593308
10.92,1,0.9934,0.9936,0.033,0.49185271
11.44,1,0.9934,0.9936,0.033,0.46343947
11.96,1,0.9934,0.9936,0.033,0.43048778
12.48,1,0.9934,0.9936,0.033,0.39253519
13,1,0.9934,0.9936,0.033,0.34888721
13.52,1,0.9934,0.9936,0.033,0.2986382
14.04,1,0.9934,0.9936,0.033,0.24067237
14.56,1,0.9934,0.9936,0.033,0.1736427
15.08,1,0.9934,0.9936,0.033,0.09593106
15.6,1,0.9934,0.9936,0.033,0.02722969
16.12,1,0.9934,0.9936,0.033,0
16.64,1,0.9934,0.9936,0.033,0
17.16,1,0.9934,0.9936,0.033,0
17.68,1,0.9934,0.9936,0.033,0
18.2,1,0.9934,0.9936,0.033,0
18.72,1,0.9934,0.9936,0.033,0
19.24,1,0.9934,0.9936,0.033,0
19.76,1,0.9934,0.9936,0.033,0
20.28,1,0.9934,0.9936,0.033,0
-5.2,1,0.9932,0.9934,0.034,0.00091527
-4.68,1,0.9932,0.9934,0.034,0.0017312
-4.16,1,0.9932,0.9934,0.034,0.00321189
-3.64,1,0.9932,0.9934,0.034,0.00586007
-3.12,1,0.9932,0.9934,0.034,0.01053662
-2.6,1,0.9932,0.9934,0.034,0.0187036
-2.08,1,0.9932,0.9934,0.034,0.03282587
-1.56,1,0.9932,0.9934,0.034,0.05703122
-1.04,1,0.9932,0.9934,0.034,0.09819023
-0.52,1,0.9932,0.9934,0.034,0.16767546
0,1,0.9932,0.9934,0.034,0.25465725
0.52,1,0.9932,0.9934,0.034,0.31455562
1.04,1,0.9932,0.9934,0.034,0.34374483
1.56,1,0.9932,0.9934,0.034,0.37122284
2.08,1,0.9932,0.9934,0.034,0.39708956
2.6,1,0.9932,0.9934,0.034,0.42143778
3.12,1,0.9932,0.9934,0.034,0.44435084
3.64,1,0.9932,0.9934,0.034,0.46589607
4.16,1,0.9932,0.9934,0.034,0.48611025
4.68,1,0.9932,0.9934,0.034,0.50497272
5.2,1,0.9932,0.9934,0.034,0.52236516
5.72,1,0.9932,0.9934,0.034,0.53802504
6.24,1,0.9932,0.9934,0.034,0.55151231
6.76,1,0.9932,0.9934,0.034,0.56221688
7.28,1,0.9932,0.9934,0.034,0.56942864
7.8,1,0.9932,0.9934,0.034,0.5724659
8.32,1,0.9932,0.9934,0.034,0.57082245
8.84,1,0.9932,0.9934,0.034,0.5642708
9.36,1,0.9932,0.9934,0.034,0.55287061
9.88,1,0.9932,0.9934,0.034,0.53687472
10.4,1,0.9932,0.9934,0.034,0.51657408
10.92,1,0.9932,0.9934,0.034,0.49214642
11.44,1,0.9932,0.9934,0.034,0.4635578
11.96,1,0.9932,0.9934,0.034,0.43052918
12.48,1,0.9932,0.9934,0.034,0.39254757
13,1,0.9932,0.9934,0.034,0.34889032
13.52,1,0.9932,0.9934,0.034,0.29863884
14.04,1,0.9932,0.9934,0.034,0.24067248
14.56,1,0.9932,0.9934,0.034,0.17364272
15.08,1,0.9932,0.9934,0.034,0.09593106
15.6,1,0.9932,0.9934,0.034,0.02722969
16.12,1,0.9932,0.9934,0.034,0
16.64,1,0.9932,0.9934,0.034,0
17.16,1,0.9932,0.9934,0.034,0
17.68,1,0.9932,0.9934,0.034,0
18.2,1,0.9932,0.9934,0.034,0
18.72,1,0.9932,0.9934,0.034,0
19.24,1,0.9932,0.9934,0.034,0
19.76,1,0.9932,0.9934,0.034,0
20.28,1,0.9932,0.9934,0.034,0
-5.2,1,0.993,0.9932,0.035,0.00102299
-4.68,1,0.993,0.9932,0.035,0.00191345
-4.16,1,0.993,0.9932,0.035,0.00351605
-3.64,1,0.993,0.9932,0.035,0.00636177
-3.12,1,0.993,0.9932,0.035,0.01135573
-2.6,1,0.993,0.9932,0.035,0.02002886
-2.08,1,0.993,0.9932,0.035,0.03495261
-1.56,1,0.993,0.9932,0.035,0.06041886
-1.04,1,0.993,0.9932,0.035,0.10354957
-0.52,1,0.993,0.9932,0.035,0.17610037
0,1,0.993,0.9932,0.035,0.26645353
0.52,1,0.993,0.9932,0.035,0.32793615
1.04,1,0.993,0.9932,0.035,0.35715059
1.56,1,0.993,0.9932,0.035,0.38460335
2.08,1,0.993,0.9932,0.035,0.41039972
2.6,1,0.993,0.9932,0.035,0.43463623
3.12,1,0.993,0.9932,0.035,0.45739669
3.64,1,0.993,0.9932,0.035,0.47874247
4.16,1,0.993,0.9932,0.035,0.49869319
4.68,1,0.993,0.9932,0.035,0.51719517
5.2,1,0.993,0.9932,0.035,0.53407989
5.72,1,0.993,0.9932,0.035,0.54902489
6.24,1,0.993,0.9932,0.035,0.56153941
6.76,1,0.993,0.9932,0.035,0.57099904
7.28,1,0.993,0.9932,0.035,0.57673925
7.8,1,0.993,0.9932,0.035,0.57818844
8.32,1,0.993,0.9932,0.035,0.57499202
8.84,1,0.993,0.9932,0.035,0.56707182
9.36,1,0.993,0.9932,0.035,0.55458984
9.88,1,0.993,0.9932,0.035,0.53783038
10.4,1,0.993,0.9932,0.035,0.51705087
10.92,1,0.993,0.9932,0.035,0.49235789
11.44,1,0.993,0.9932,0.035,0.4636403
11.96,1,0.993,0.9932,0.035,0.43055714
12.48,1,0.993,0.9932,0.035,0.39255568
13,1,0.993,0.9932,0.035,0.3488923
13.52,1,0.993,0.9932,0.035,0.29863924
14.04,1,0.993,0.9932,0.035,0.24067254
14.56,1,0.993,0.9932,0.035,0.17364272
15.08,1,0.993,0.9932,0.035,0.09593107
15.6,1,0.993,0.9932,0.035,0.02722969
16.12,1,0.993,0.9932,0.035,0
16.64,1,0.993,0.9932,0.035,0
17.16,1,0.993,0.9932,0.035,0
17.68,1,0.993,0.9932,0.035,0
18.2,1,0.993,0.9932,0.035,0
18.72,1,0.993,0.9932,0.035,0
19.24,1,0.993,0.9932,0.035,0
19.76,1,0.993,0.9932,0.035,0
20.28,1,0.993,0.9932,0.035,0
-5.2,1,0.9928,0.993,0.036,0.00113601
-4.68,1,0.9928,0.993,0.036,0.00210323
-4.16,1,0.9928,0.993,0.036,0.00383073
-3.64,1,0.9928,0.993,0.036,0.00687794
-3.12,1,0.9928,0.993,0.036,0.01219431
-2.6,1,0.9928,0.993,0.036,0.02137963
-2.08,1,0.9928,0.993,0.036,0.03711161
-1.56,1,0.9928,0.993,0.036,0.06384527
-1.04,1,0.9928,0.993,0.036,0.1089518
-0.52,1,0.9928,0.993,0.036,0.18456573
0,1,0.9928,0.993,0.036,0.27827102
0.52,1,0.9928,0.993,0.036,0.34129854
1.04,1,0.9928,0.993,0.036,0.37049315
1.56,1,0.9928,0.993,0.036,0.39787816
2.08,1,0.9928,0.993,0.036,0.42356378
2.6,1,0.9928,0.993,0.036,0.44764912
3.12,1,0.9928,0.993,0.036,0.47021597
3.64,1,0.9928,0.993,0.036,0.49131536
4.16,1,0.9928,0.993,0.036,0.51094371
4.68,1,0.9928,0.993,0.036,0.52900809
5.2,1,0.9928,0.993,0.036,0.54528726
5.72,1,0.9928,0.993,0.036,0.55940474
6.24,1,0.9928,0.993,0.036,0.57083639
6.76,1,0.9928,0.993,0.036,0.57896991
7.28,1,0.9928,0.993,0.036,0.58321309
7.8,1,0.9928,0.993,0.036,0.5831195
8.32,1,0.9928,0.993,0.036,0.5784812
8.84,1,0.9928,0.993,0.036,0.56934503
9.36,1,0.9928,0.993,0.036,0.55594188
9.88,1,0.9928,0.993,0.036,0.53855836
10.4,1,0.9928,0.993,0.036,0.51740265
10.92,1,0.9928,0.993,0.036,0.49250904
11.44,1,0.9928,0.993,0.036,0.46369744
11.96,1,0.9928,0.993,0.036,0.43057591
12.48,1,0.9928,0.993,0.036,0.39256097
13,1,0.9928,0.993,0.036,0.34889355
13.52,1,0.9928,0.993,0.036,0.29863948
14.04,1,0.9928,0.993,0.036,0.24067258
14.56,1,0.9928,0.993,0.036,0.17364273
15.08,1,0.9928,0.993,0.036,0.09593107
15.6,1,0.9928,0.993,0.036,0.02722969
16.12,1,0.9928,0.993,0.036,0
16.64,1,0.9928,0.993,0.036,0
17.16,1,0.9928,0.993,0.036,0
17.68,1,0.9928,0.993,0.036,0
18.2,1,0.9928,0.993,0.036,0
18.72,1,0.9928,0.993,0.036,0
19.24,1,0.9928,0.993,0.036,0
19.76,1,0.9928,0.993,0.036,0
20.28,1,0.9928,0.993,0.036,0
-5.2,1,0.9926,0.9928,0.037,0.00125409
-4.68,1,0.9926,0.9928,0.037,0.00230014
-4.16,1,0.9926,0.9928,0.037,0.00415531
-3.64,1,0.9926,0.9928,0.037,0.00740756
-3.12,1,0.9926,0.9928,0.037,0.01305077
-2.6,1,0.9926,0.9928,0.037,0.02275343
-2.08,1,0.9926,0.9928,0.037,0.03929903
-1.56,1,0.9926,0.9928,0.037,0.06730455
-1.04,1,0.9926,0.9928,0.037,0.11438799
-0.52,1,0.9926,0.9928,0.037,0.19305816
0,1,0.9926,0.9928,0.037,0.29009195
0.52,1,0.9926,0.9928,0.037,0.35462384
1.04,1,0.9926,0.9928,0.037,0.38375485
1.56,1,0.9926,0.9928,0.037,0.41103089
2.08,1,0.9926,0.9928,0.037,0.43656628
2.6,1,0.9926,0.9928,0.037,0.46046099
3.12,1,0.9926,0.9928,0.037,0.48279155
3.64,1,0.9926,0.9928,0.037,0.50359366
4.16,1,0.9926,0.9928,0.037,0.5228345
4.68,1,0.9926,0.9928,0.037,0.54037743
5.2,1,0.9926,0.9928,0.037,0.55594963
5.72,1,0.9926,0.9928,0.037,0.5691312
6.24,1,0.9926,0.9928,0.037,0.57938536
6.76,1,0.9926,0.9928,0.037,0.5861378
7.28,1,0.9926,0.9928,0.037,0.5888897
7.8,1,0.9926,0.9928,0.037,0.58732591
8.32,1,0.9926,0.9928,0.037,0.58137197
8.84,1,0.9926,0.9928,0.037,0.57117216
9.36,1,0.9926,0.9928,0.037,0.55699551
9.88,1,0.9926,0.9928,0.037,0.53910824
10.4,1,0.9926,0.9928,0.037,0.51766021
10.92,1,0.9926,0.9928,0.037,0.49261634
11.44,1,0.9926,0.9928,0.037,0.46373679
11.96,1,0.9926,0.9928,0.037,0.43058846
12.48,1,0.9926,0.9928,0.037,0.3925644
13,1,0.9926,0.9928,0.037,0.34889434
13.52,1,0.9926,0.9928,0.037,0.29863963
14.04,1,0.9926,0.9928,0.037,0.2406726
14.56,1,0.9926,0.9928,0.037,0.17364273
15.08,1,0.9926,0.9928,0.037,0.09593107
15.6,1,0.9926,0.9928,0.037,0.02722969
16.12,1,0.9926,0.9928,0.037,0
16.64,1,0.9926,0.9928,0.037,0
17.16,1,0.9926,0.9928,0.037,0
17.68,1,0.9926,0.9928,0.037,0
18.2,1,0.9926,0.9928,0.037,0
18.72,1,0.9926,0.9928,0.037,0
19.24,1,0.9926,0.9928,0.037,0
19.76,1,0.9926,0.9928,0.037,0
20.28,1,0.9926,0.9928,0.037,0
-5.2,1,0.9924,0.9926,0.038,0.00137699
-4.68,1,0.9924,0.9926,0.038,0.00250378
-4.16,1,0.9924,0.9926,0.038,0.00448914
-3.64,1,0.9924,0.9926,0.038,0.00794963
-3.12,1,0.9924,0.9926,0.038,0.01392351
-2.6,1,0.9924,0.9926,0.038,0.02414777
-2.08,1,0.9924,0.9926,0.038,0.04151104
-1.56,1,0.9924,0.9926,0.038,0.07079089
-1.04,1,0.9924,0.9926,0.038,0.11984939
-0.52,1,0.9924,0.9926,0.038,0.20156459
0,1,0.9924,0.9926,0.038,0.301899
0.52,1,0.9924,0.9926,0.038,0.36789367
1.04,1,0.9924,0.9926,0.038,0.39691867
1.56,1,0.9924,0.9926,0.038,0.42404565
2.08,1,0.9924,0.9926,0.038,0.44939187
2.6,1,0.9924,0.9926,0.038,0.47305581
3.12,1,0.9924,0.9926,0.038,0.49510481
3.64,1,0.9924,0.9926,0.038,0.51555392
4.16,1,0.9924,0.9926,0.038,0.53433585
4.68,1,0.9924,0.9926,0.038,0.55126825
5.2,1,0.9924,0.9926,0.038,0.56603183
5.72,1,0.9924,0.9926,0.038,0.57817795
6.24,1,0.9924,0.9926,0.038,0.58717963
6.76,1,0.9924,0.9926,0.038,0.5925237
7.28,1,0.9924,0.9926,0.038,0.59381887
7.8,1,0.9924,0.9926,0.038,0.59087891
8.32,1,0.9924,0.9926,0.038,0.58374387
8.84,1,0.9924,0.9926,0.038,0.57262718
9.36,1,0.9924,0.9926,0.038,0.55780945
9.88,1,0.9924,0.9926,0.038,0.53952027
10.4,1,0.9924,0.9926,0.038,0.51784743
10.92,1,0.9924,0.9926,0.038,0.49269201
11.44,1,0.9924,0.9926,0.038,0.46376372
11.96,1,0.9924,0.9926,0.038,0.4305968
12.48,1,0.9924,0.9926,0.038,0.39256661
13,1,0.9924,0.9926,0.038,0.34889483
13.52,1,0.9924,0.9926,0.038,0.29863972
14.04,1,0.9924,0.9926,0.038,0.24067261
14.56,1,0.9924,0.9926,0.038,0.17364273
15.08,1,0.9924,0.9926,0.038,0.09593107
15.6,1,0.9924,0.9926,0.038,0.02722969
16.12,1,0.9924,0.9926,0.038,0
16.64,1,0.9924,0.9926,0.038,0
17.16,1,0.9924,0.9926,0.038,0
17.68,1,0.9924,0.9926,0.038,0
18.2,1,0.9924,0.9926,0.038,0
18.72,1,0.9924,0.9926,0.038,0
19.24,1,0.9924,0.9926,0.038,0
19.76,1,0.9924,0.9926,0.038,0
20.28,1,0.9924,0.9926,0.038,0
-5.2,1,0.9922,0.9924,0.039,0.00150446
-4.68,1,0.9922,0.9924,0.039,0.00271376
-4.16,1,0.9922,0.9924,0.039,0.00483158
-3.64,1,0.9922,0.9924,0.039,0.00850311
-3.12,1,0.9922,0.9924,0.039,0.01481091
-2.6,1,0.9922,0.9924,0.039,0.02556017
-2.08,1,0.9922,0.9924,0.039,0.04374386
-1.56,1,0.9922,0.9924,0.039,0.07429856
-1.04,1,0.9922,0.9924,0.039,0.12532739
-0.52,1,0.9922,0.9924,0.039,0.21007224
0,1,0.9922,0.9924,0.039,0.31367537
0.52,1,0.9922,0.9924,0.039,0.38109026
1.04,1,0.9922,0.9924,0.039,0.40996812
1.56,1,0.9922,0.9924,0.039,0.43690685
2.08,1,0.9922,0.9924,0.039,0.46202503
2.6,1,0.9922,0.9924,0.039,0.48541663
3.12,1,0.9922,0.9924,0.039,0.50713536
3.64,1,0.9922,0.9924,0.039,0.5271704
4.16,1,0.9922,0.9924,0.039,0.54541629
4.68,1,0.9922,0.9924,0.039,0.56164603
5.2,1,0.9922,0.9924,0.039,0.57550296
5.72,1,0.9922,0.9924,0.039,0.58652733
6.24,1,0.9922,0.9924,0.039,0.59422413
6.76,1,0.9922,0.9924,0.039,0.59816004
7.28,1,0.9922,0.9924,0.039,0.59805799
7.8,1,0.9922,0.9924,0.039,0.59385129
8.32,1,0.9922,0.9924,0.039,0.5856719
8.84,1,0.9922,0.9924,0.039,0.57377559
9.36,1,0.9922,0.9924,0.039,0.55843302
9.88,1,0.9922,0.9924,0.039,0.53982664
10.4,1,0.9922,0.9924,0.039,0.51798255
10.92,1,0.9922,0.9924,0.039,0.49274505
11.44,1,0.9922,0.9924,0.039,0.46378206
11.96,1,0.9922,0.9924,0.039,0.43060233
12.48,1,0.9922,0.9924,0.039,0.39256804
13,1,0.9922,0.9924,0.039,0.34889514
13.52,1,0.9922,0.9924,0.039,0.29863977
14.04,1,0.9922,0.9924,0.039,0.24067262
14.56,1,0.9922,0.9924,0.039,0.17364273
15.08,1,0.9922,0.9924,0.039,0.09593107
15.6,1,0.9922,0.9924,0.039,0.02722969
16.12,1,0.9922,0.9924,0.039,0
16.64,1,0.9922,0.9924,0.039,0
17.16,1,0.9922,0.9924,0.039,0
17.68,1,0.9922,0.9924,0.039,0
18.2,1,0.9922,0.9924,0.039,0
18.72,1,0.9922,0.9924,0.039,0
19.24,1,0.9922,0.9924,0.039,0
19.76,1,0.9922,0.9924,0.039,0
20.28,1,0.9922,0.9924,0.039,0
-5.2,1,0.992,0.9922,0.04,0.00163625
-4.68,1,0.992,0.9922,0.04,0.00292966
-4.16,1,0.992,0.9922,0.04,0.00518196
-3.64,1,0.992,0.9922,0.04,0.00906697
-3.12,1,0.992,0.9922,0.04,0.01571139
-2.6,1,0.992,0.9922,0.04,0.02698817
-2.08,1,0.992,0.9922,0.04,0.04599375
-1.56,1,0.992,0.9922,0.04,0.07782191
-1.04,1,0.992,0.9922,0.04,0.13081359
-0.52,1,0.992,0.9922,0.04,0.21856872
0,1,0.992,0.9922,0.04,0.32540475
0.52,1,0.992,0.9922,0.04,0.39419641
1.04,1,0.992,0.9922,0.04,0.42288713
1.56,1,0.992,0.9922,0.04,0.44959904
2.08,1,0.992,0.9922,0.04,0.47444976
2.6,1,0.992,0.9922,0.04,0.49752522
3.12,1,0.992,0.9922,0.04,0.51886077
3.64,1,0.992,0.9922,0.04,0.5384153
4.16,1,0.992,0.9922,0.04,0.55604355
4.68,1,0.992,0.9922,0.04,0.57147836
5.2,1,0.992,0.9922,0.04,0.58433821
5.72,1,0.992,0.9922,0.04,0.5941714
6.24,1,0.992,0.9922,0.04,0.60053504
6.76,1,0.992,0.9922,0.04,0.60308877
7.28,1,0.992,0.9922,0.04,0.60166936
7.8,1,0.992,0.9922,0.04,0.59631477
8.32,1,0.992,0.9922,0.04,0.58722504
8.84,1,0.992,0.9922,0.04,0.57467427
9.36,1,0.992,0.9922,0.04,0.55890694
9.88,1,0.992,0.9922,0.04,0.54005278
10.4,1,0.992,0.9922,0.04,0.51807944
10.92,1,0.992,0.9922,0.04,0.492782
11.44,1,0.992,0.9922,0.04,0.46379448
11.96,1,0.992,0.9922,0.04,0.43060596
12.48,1,0.992,0.9922,0.04,0.39256895
13,1,0.992,0.9922,0.04,0.34889534
13.52,1,0.992,0.9922,0.04,0.29863981
14.04,1,0.992,0.9922,0.04,0.24067263
14.56,1,0.992,0.9922,0.04,0.17364273
15.08,1,0.992,0.9922,0.04,0.09593107
15.6,1,0.992,0.9922,0.04,0.02722969
16.12,1,0.992,0.9922,0.04,0
16.64,1,0.992,0.9922,0.04,0
17.16,1,0.992,0.9922,0.04,0
17.68,1,0.992,0.9922,0.04,0
18.2,1,0.992,0.9922,0.04,0
18.72,1,0.992,0.9922,0.04,0
19.24,1,0.992,0.9922,0.04,0
19.76,1,0.992,0.9922,0.04,0
20.28,1,0.992,0.9922,0.04,0
-5.2,1,0.9918,0.992,0.041,0.00177209
-4.68,1,0.9918,0.992,0.041,0.00315106
-4.16,1,0.9918,0.992,0.041,0.00553963
-3.64,1,0.9918,0.992,0.041,0.00964018
-3.12,1,0.9918,0.992,0.041,0.01662335
-2.6,1,0.9918,0.992,0.041,0.02842933
-2.08,1,0.9918,0.992,0.041,0.04825701
-1.56,1,0.9918,0.992,0.041,0.08135542
-1.04,1,0.9918,0.992,0.041,0.13629979
-0.52,1,0.9918,0.992,0.041,0.22704195
0,1,0.9918,0.992,0.041,0.33707137
0.52,1,0.9918,0.992,0.041,0.40719547
1.04,1,0.9918,0.992,0.041,0.43565999
1.56,1,0.9918,0.992,0.041,0.46210661
2.08,1,0.9918,0.992,0.041,0.48664924
2.6,1,0.9918,0.992,0.041,0.50936173
3.12,1,0.9918,0.992,0.041,0.53025662
3.64,1,0.9918,0.992,0.041,0.54925931
4.16,1,0.9918,0.992,0.041,0.56618576
4.68,1,0.9918,0.992,0.041,0.58073649
5.2,1,0.9918,0.992,0.041,0.59252019
5.72,1,0.9918,0.992,0.041,0.60111234
6.24,1,0.9918,0.992,0.041,0.60613884
6.76,1,0.9918,0.992,0.041,0.60735927
7.28,1,0.9918,0.992,0.041,0.60471762
7.8,1,0.9918,0.992,0.041,0.59833807
8.32,1,0.9918,0.992,0.041,0.58846532
8.84,1,0.9918,0.992,0.041,0.57537176
9.36,1,0.9918,0.992,0.041,0.55926438
9.88,1,0.9918,0.992,0.041,0.54021854
10.4,1,0.9918,0.992,0.041,0.51814847
10.92,1,0.9918,0.992,0.041,0.4928076
11.44,1,0.9918,0.992,0.041,0.46380285
11.96,1,0.9918,0.992,0.041,0.43060835
12.48,1,0.9918,0.992,0.041,0.39256954
13,1,0.9918,0.992,0.041,0.34889546
13.52,1,0.9918,0.992,0.041,0.29863983
14.04,1,0.9918,0.992,0.041,0.24067263
14.56,1,0.9918,0.992,0.041,0.17364273
15.08,1,0.9918,0.992,0.041,0.09593107
15.6,1,0.9918,0.992,0.041,0.02722969
16.12,1,0.9918,0.992,0.041,0
16.64,1,0.9918,0.992,0.041,0
17.16,1,0.9918,0.992,0.041,0
17.68,1,0.9918,0.992,0.041,0
18.2,1,0.9918,0.992,0.041,0
18.72,1,0.9918,0.992,0.041,0
19.24,1,0.9918,0.992,0.041,0
19.76,1,0.9918,0.992,0.041,0
20.28,1,0.9918,0.992,0.041,0
-5.2,1,0.9916,0.9918,0.042,0.00191171
-4.68,1,0.9916,0.9918,0.042,0.00337754
-4.16,1,0.9916,0.9918,0.042,0.00590393
-3.64,1,0.9916,0.9918,0.042,0.0102217
-3.12,1,0.9916,0.9918,0.042,0.0175452
-2.6,1,0.9916,0.9918,0.042,0.02988126
-2.08,1,0.9916,0.9918,0.042,0.05053002
-1.56,1,0.9916,0.9918,0.042,0.08489368
-1.04,1,0.9916,0.9918,0.042,0.141778
-0.52,1,0.9916,0.9918,0.042,0.23548025
0,1,0.9916,0.9918,0.042,0.34865996
0.52,1,0.9916,0.9918,0.042,0.42007117
1.04,1,0.9916,0.9918,0.042,0.44827108
1.56,1,0.9916,0.9918,0.042,0.47441353
2.08,1,0.9916,0.9918,0.042,0.4986055
2.6,1,0.9916,0.9918,0.042,0.52090461
3.12,1,0.9916,0.9918,0.042,0.5412967
3.64,1,0.9916,0.9918,0.042,0.5596724
4.16,1,0.9916,0.9918,0.042,0.57581281
4.68,1,0.9916,0.9918,0.042,0.58939686
5.2,1,0.9916,0.9918,0.042,0.60003995
5.72,1,0.9916,0.9918,0.042,0.60736237
6.24,1,0.9916,0.9918,0.042,0.61107093
6.76,1,0.9916,0.9918,0.042,0.6110261
7.28,1,0.9916,0.9918,0.042,0.60726748
7.8,1,0.9916,0.9918,0.042,0.59998529
8.32,1,0.9916,0.9918,0.042,0.58944749
8.84,1,0.9916,0.9918,0.042,0.57590885
9.36,1,0.9916,0.9918,0.042,0.559532
9.88,1,0.9916,0.9918,0.042,0.54033922
10.4,1,0.9916,0.9918,0.042,0.51819736
10.92,1,0.9916,0.9918,0.042,0.49282524
11.44,1,0.9916,0.9918,0.042,0.46380847
11.96,1,0.9916,0.9918,0.042,0.43060991
12.48,1,0.9916,0.9918,0.042,0.39256991
13,1,0.9916,0.9918,0.042,0.34889553
13.52,1,0.9916,0.9918,0.042,0.29863984
14.04,1,0.9916,0.9918,0.042,0.24067263
14.56,1,0.9916,0.9918,0.042,0.17364273
15.08,1,0.9916,0.9918,0.042,0.09593107
15.6,1,0.9916,0.9918,0.042,0.02722969
16.12,1,0.9916,0.9918,0.042,0
16.64,1,0.9916,0.9918,0.042,0
17.16,1,0.9916,0.9918,0.042,0
17.68,1,0.9916,0.9918,0.042,0
18.2,1,0.9916,0.9918,0.042,0
18.72,1,0.9916,0.9918,0.042,0
19.24,1,0.9916,0.9918,0.042,0
19.76,1,0.9916,0.9918,0.042,0
20.28,1,0.9916,0.9918,0.042,0
-5.2,1,0.9914,0.9916,0.043,0.00205485
-4.68,1,0.9914,0.9916,0.043,0.00360867
-4.16,1,0.9914,0.9916,0.043,0.00627418
-3.64,1,0.9914,0.9916,0.043,0.01081052
-3.12,1,0.9914,0.9916,0.043,0.01847538
-2.6,1,0.9914,0.9916,0.043,0.03134156
-2.08,1,0.9914,0.9916,0.043,0.05280922
-1.56,1,0.9914,0.9916,0.043,0.08843143
-1.04,1,0.9914,0.9916,0.043,0.14724049
-0.52,1,0.9914,0.9916,0.043,0.24387229
0,1,0.9914,0.9916,0.043,0.36015564
0.52,1,0.9914,0.9916,0.043,0.4328076
1.04,1,0.9914,0.9916,0.043,0.46070465
1.56,1,0.9914,0.9916,0.043,0.48650306
2.08,1,0.9914,0.9916,0.043,0.51029921
2.6,1,0.9914,0.9916,0.043,0.53213054
3.12,1,0.9914,0.9916,0.043,0.55195351
3.64,1,0.9914,0.9916,0.043,0.56962492
4.16,1,0.9914,0.9916,0.043,0.58489776
4.68,1,0.9914,0.9916,0.043,0.59744238
5.2,1,0.9914,0.9916,0.043,0.6068975
5.72,1,0.9914,0.9916,0.043,0.61294309
6.24,1,0.9914,0.9916,0.043,0.61537388
6.76,1,0.9914,0.9916,0.043,0.61414672
7.28,1,0.9914,0.9916,0.043,0.60938176
7.8,1,0.9914,0.9916,0.043,0.601315
8.32,1,0.9914,0.9916,0.043,0.59021899
8.84,1,0.9914,0.9916,0.043,0.5763193
9.36,1,0.9914,0.9916,0.043,0.55973098
9.88,1,0.9914,0.9916,0.043,0.54042653
10.4,1,0.9914,0.9916,0.043,0.51823178
10.92,1,0.9914,0.9916,0.043,0.49283733
11.44,1,0.9914,0.9916,0.043,0.46381222
11.96,1,0.9914,0.9916,0.043,0.43061092
12.48,1,0.9914,0.9916,0.043,0.39257014
13,1,0.9914,0.9916,0.043,0.34889558
13.52,1,0.9914,0.9916,0.043,0.29863985
14.04,1,0.9914,0.9916,0.043,0.24067263
14.56,1,0.9914,0.9916,0.043,0.17364273
15.08,1,0.9914,0.9916,0.043,0.09593107
15.6,1,0.9914,0.9916,0.043,0.02722969
16.12,1,0.9914,0.9916,0.043,0
16.64,1,0.9914,0.9916,0.043,0
17.16,1,0.9914,0.9916,0.043,0
17.68,1,0.9914,0.9916,0.043,0
18.2,1,0.9914,0.9916,0.043,0
18.72,1,0.9914,0.9916,0.043,0
19.24,1,0.9914,0.9916,0.043,0
19.76,1,0.9914,0.9916,0.043,0
20.28,1,0.9914,0.9916,0.043,0
-5.2,1,0.9912,0.9914,0.044,0.00220124
-4.68,1,0.9912,0.9914,0.044,0.00384402
-4.16,1,0.9912,0.9914,0.044,0.00664972
-3.64,1,0.9912,0.9914,0.044,0.01140562
-3.12,1,0.9912,0.9914,0.044,0.01941234
-2.6,1,0.9912,0.9914,0.044,0.03280792
-2.08,1,0.9912,0.9914,0.044,0.05509116
-1.56,1,0.9912,0.9914,0.044,0.09196354
-1.04,1,0.9912,0.9914,0.044,0.15267972
-0.52,1,0.9912,0.9914,0.044,0.25220706
0,1,0.9912,0.9914,0.044,0.37154394
0.52,1,0.9912,0.9914,0.044,0.44538891
1.04,1,0.9912,0.9914,0.044,0.47294463
1.56,1,0.9912,0.9914,0.044,0.49835746
2.08,1,0.9912,0.9914,0.044,0.5217095
2.6,1,0.9912,0.9914,0.044,0.54301468
3.12,1,0.9912,0.9914,0.044,0.56219895
3.64,1,0.9912,0.9914,0.044,0.57908872
4.16,1,0.9912,0.9914,0.044,0.59341817
4.68,1,0.9912,0.9914,0.044,0.60486334
5.2,1,0.9912,0.9914,0.044,0.61310179
5.72,1,0.9912,0.9914,0.044,0.61788433
6.24,1,0.9912,0.9914,0.044,0.61909547
6.76,1,0.9912,0.9914,0.044,0.61677947
7.28,1,0.9912,0.9914,0.044,0.61111999
7.8,1,0.9912,0.9914,0.044,0.60237961
8.32,1,0.9912,0.9914,0.044,0.59082033
8.84,1,0.9912,0.9914,0.044,0.5766307
9.36,1,0.9912,0.9914,0.044,0.55987792
9.88,1,0.9912,0.9914,0.044,0.54048931
10.4,1,0.9912,0.9914,0.044,0.51825589
10.92,1,0.9912,0.9914,0.044,0.49284558
11.44,1,0.9912,0.9914,0.044,0.46381471
11.96,1,0.9912,0.9914,0.044,0.43061158
12.48,1,0.9912,0.9914,0.044,0.39257029
13,1,0.9912,0.9914,0.044,0.34889561
13.52,1,0.9912,0.9914,0.044,0.29863985
14.04,1,0.9912,0.9914,0.044,0.24067263
14.56,1,0.9912,0.9914,0.044,0.17364273
15.08,1,0.9912,0.9914,0.044,0.09593107
15.6,1,0.9912,0.9914,0.044,0.02722969
16.12,1,0.9912,0.9914,0.044,0
16.64,1,0.9912,0.9914,0.044,0
17.16,1,0.9912,0.9914,0.044,0
17.68,1,0.9912,0.9914,0.044,0
18.2,1,0.9912,0.9914,0.044,0
18.72,1,0.9912,0.9914,0.044,0
19.24,1,0.9912,0.9914,0.044,0
19.76,1,0.9912,0.9914,0.044,0
20.28,1,0.9912,0.9914,0.044,0
-5.2,1,0.991,0.9912,0.045,0.00235059
-4.68,1,0.991,0.9912,0.045,0.00408317
-4.16,1,0.991,0.9912,0.045,0.00702989
-3.64,1,0.991,0.9912,0.045,0.01200598
-3.12,1,0.991,0.9912,0.045,0.02035454
-2.6,1,0.991,0.9912,0.045,0.03427805
-2.08,1,0.991,0.9912,0.045,0.05737243
-1.56,1,0.991,0.9912,0.045,0.09548502
-1.04,1,0.991,0.9912,0.045,0.15808841
-0.52,1,0.991,0.9912,0.045,0.26047387
0,1,0.991,0.9912,0.045,0.38281058
0.52,1,0.991,0.9912,0.045,0.45779922
1.04,1,0.991,0.9912,0.045,0.48497428
1.56,1,0.991,0.9912,0.045,0.50995778
2.08,1,0.991,0.9912,0.045,0.53281401
2.6,1,0.991,0.9912,0.045,0.55353103
3.12,1,0.991,0.9912,0.045,0.57200519
3.64,1,0.991,0.9912,0.045,0.58803837
4.16,1,0.991,0.9912,0.045,0.60135721
4.68,1,0.991,0.9912,0.045,0.61165795
5.2,1,0.991,0.9912,0.045,0.6186703
5.72,1,0.991,0.9912,0.045,0.6222228
6.24,1,0.991,0.9912,0.045,0.62228687
6.76,1,0.991,0.9912,0.045,0.61898184
7.28,1,0.991,0.9912,0.045,0.61253727
7.8,1,0.991,0.9912,0.045,0.60322526
8.32,1,0.991,0.9912,0.045,0.59128553
8.84,1,0.991,0.9912,0.045,0.57686531
9.36,1,0.991,0.9912,0.045,0.55998575
9.88,1,0.991,0.9912,0.045,0.54053418
10.4,1,0.991,0.9912,0.045,0.51827268
10.92,1,0.991,0.9912,0.045,0.49285119
11.44,1,0.991,0.9912,0.045,0.46381636
11.96,1,0.991,0.9912,0.045,0.430612
12.48,1,0.991,0.9912,0.045,0.39257039
13,1,0.991,0.9912,0.045,0.34889562
13.52,1,0.991,0.9912,0.045,0.29863985
14.04,1,0.991,0.9912,0.045,0.24067263
14.56,1,0.991,0.9912,0.045,0.17364273
15.08,1,0.991,0.9912,0.045,0.09593107
15.6,1,0.991,0.9912,0.045,0.02722969
16.12,1,0.991,0.9912,0.045,0
16.64,1,0.991,0.9912,0.045,0
17.16,1,0.991,0.9912,0.045,0
17.68,1,0.991,0.9912,0.045,0
18.2,1,0.991,0.9912,0.045,0
18.72,1,0.991,0.9912,0.045,0
19.24,1,0.991,0.9912,0.045,0
19.76,1,0.991,0.9912,0.045,0
20.28,1,0.991,0.9912,0.045,0
-5.2,1,0.9908,0.991,0.046,0.00250264
-4.68,1,0.9908,0.991,0.046,0.00432569
-4.16,1,0.9908,0.991,0.046,0.00741405
-3.64,1,0.9908,0.991,0.046,0.01261061
-3.12,1,0.9908,0.991,0.046,0.02130051
-2.6,1,0.9908,0.991,0.046,0.03574972
-2.08,1,0.9908,0.991,0.046,0.05964975
-1.56,1,0.9908,0.991,0.046,0.09899104
-1.04,1,0.9908,0.991,0.046,0.16345945
-0.52,1,0.9908,0.991,0.046,0.26866224
0,1,0.9908,0.991,0.046,0.39394141
0.52,1,0.9908,0.991,0.046,0.47002231
1.04,1,0.9908,0.991,0.046,0.49677601
1.56,1,0.9908,0.991,0.046,0.52128372
2.08,1,0.9908,0.991,0.046,0.543589
2.6,1,0.9908,0.991,0.046,0.56365309
3.12,1,0.9908,0.991,0.046,0.58134573
3.64,1,0.9908,0.991,0.046,0.59645237
4.16,1,0.9908,0.991,0.046,0.60870456
4.68,1,0.9908,0.991,0.046,0.61783245
5.2,1,0.9908,0.991,0.046,0.62362815
5.72,1,0.9908,0.991,0.046,0.62600044
6.24,1,0.9908,0.991,0.046,0.62500072
6.76,1,0.9908,0.991,0.046,0.620809
7.28,1,0.9908,0.991,0.046,0.61368364
7.8,1,0.9908,0.991,0.046,0.60389184
8.32,1,0.9908,0.991,0.046,0.59164282
8.84,1,0.9908,0.991,0.046,0.57704088
9.36,1,0.9908,0.991,0.046,0.56006438
9.88,1,0.9908,0.991,0.046,0.54056608
10.4,1,0.9908,0.991,0.046,0.51828431
10.92,1,0.9908,0.991,0.046,0.49285497
11.44,1,0.9908,0.991,0.046,0.46381745
11.96,1,0.9908,0.991,0.046,0.43061228
12.48,1,0.9908,0.991,0.046,0.39257045
13,1,0.9908,0.991,0.046,0.34889563
13.52,1,0.9908,0.991,0.046,0.29863986
14.04,1,0.9908,0.991,0.046,0.24067263
14.56,1,0.9908,0.991,0.046,0.17364273
15.08,1,0.9908,0.991,0.046,0.09593107
15.6,1,0.9908,0.991,0.046,0.02722969
16.12,1,0.9908,0.991,0.046,0
16.64,1,0.9908,0.991,0.046,0
17.16,1,0.9908,0.991,0.046,0
17.68,1,0.9908,0.991,0.046,0
18.2,1,0.9908,0.991,0.046,0
18.72,1,0.9908,0.991,0.046,0
19.24,1,0.9908,0.991,0.046,0
19.76,1,0.9908,0.991,0.046,0
20.28,1,0.9908,0.991,0.046,0
-5.2,1,0.9906,0.9908,0.047,0.0026571
-4.68,1,0.9906,0.9908,0.047,0.00457114
-4.16,1,0.9906,0.9908,0.047,0.00780152
-3.64,1,0.9906,0.9908,0.047,0.01321852
-3.12,1,0.9906,0.9908,0.047,0.02224875
-2.6,1,0.9906,0.9908,0.047,0.03722075
-2.08,1,0.9906,0.9908,0.047,0.0619199
-1.56,1,0.9906,0.9908,0.047,0.1024769
-1.04,1,0.9906,0.9908,0.047,0.16878593
-0.52,1,0.9906,0.9908,0.047,0.27676183
0,1,0.9906,0.9908,0.047,0.40492216
0.52,1,0.9906,0.9908,0.047,0.48204141
1.04,1,0.9906,0.9908,0.047,0.50833116
1.56,1,0.9906,0.9908,0.047,0.53231369
2.08,1,0.9906,0.9908,0.047,0.55400975
2.6,1,0.9906,0.9908,0.047,0.57335459
3.12,1,0.9906,0.9908,0.047,0.59019645
3.64,1,0.9906,0.9908,0.047,0.60431417
4.16,1,0.9906,0.9908,0.047,0.61545697
4.68,1,0.9906,0.9908,0.047,0.62340084
5.2,1,0.9906,0.9908,0.047,0.62800701
5.72,1,0.9906,0.9908,0.047,0.62926284
6.24,1,0.9906,0.9908,0.047,0.62728961
6.76,1,0.9906,0.9908,0.047,0.6223127
7.28,1,0.9906,0.9908,0.047,0.61460369
7.8,1,0.9906,0.9908,0.047,0.60441342
8.32,1,0.9906,0.9908,0.047,0.59191535
8.84,1,0.9906,0.9908,0.047,0.57717143
9.36,1,0.9906,0.9908,0.047,0.56012139
9.88,1,0.9906,0.9908,0.047,0.54058863
10.4,1,0.9906,0.9908,0.047,0.51829234
10.92,1,0.9906,0.9908,0.047,0.49285752
11.44,1,0.9906,0.9908,0.047,0.46381817
11.96,1,0.9906,0.9908,0.047,0.43061245
12.48,1,0.9906,0.9908,0.047,0.39257048
13,1,0.9906,0.9908,0.047,0.34889564
13.52,1,0.9906,0.9908,0.047,0.29863986
14.04,1,0.9906,0.9908,0.047,0.24067263
14.56,1,0.9906,0.9908,0.047,0.17364273
15.08,1,0.9906,0.9908,0.047,0.09593107
15.6,1,0.9906,0.9908,0.047,0.02722969
16.12,1,0.9906,0.9908,0.047,0
16.64,1,0.9906,0.9908,0.047,0
17.16,1,0.9906,0.9908,0.047,0
17.68,1,0.9906,0.9908,0.047,0
18.2,1,0.9906,0.9908,0.047,0
18.72,1,0.9906,0.9908,0.047,0
19.24,1,0.9906,0.9908,0.047,0
19.76,1,0.9906,0.9908,0.047,0
20.28,1,0.9906,0.9908,0.047,0
-5.2,1,0.9904,0.9906,0.048,0.00281371
-4.68,1,0.9904,0.9906,0.048,0.00481912
-4.16,1,0.9904,0.9906,0.048,0.00819169
-3.64,1,0.9904,0.9906,0.048,0.01382876
-3.12,1,0.9904,0.9906,0.048,0.02319785
-2.6,1,0.9904,0.9906,0.048,0.03868903
-2.08,1,0.9904,0.9906,0.048,0.06417978
-1.56,1,0.9904,0.9906,0.048,0.10593801
-1.04,1,0.9904,0.9906,0.048,0.17406107
-0.52,1,0.9904,0.9906,0.048,0.28476234
0,1,0.9904,0.9906,0.048,0.41573831
0.52,1,0.9904,0.9906,0.048,0.49383901
1.04,1,0.9904,0.9906,0.048,0.5196199
1.56,1,0.9904,0.9906,0.048,0.54302488
2.08,1,0.9904,0.9906,0.048,0.56405109
2.6,1,0.9904,0.9906,0.048,0.5826104
3.12,1,0.9904,0.9906,0.048,0.59853664
3.64,1,0.9904,0.9906,0.048,0.61161296
4.16,1,0.9904,0.9906,0.048,0.62161839
4.68,1,0.9904,0.9906,0.048,0.62838425
5.2,1,0.9904,0.9906,0.048,0.63184375
5.72,1,0.9904,0.9906,0.048,0.63205754
6.24,1,0.9904,0.9906,0.048,0.62920463
6.76,1,0.9904,0.9906,0.048,0.62354056
7.28,1,0.9904,0.9906,0.048,0.61533659
7.8,1,0.9904,0.9906,0.048,0.60481863
8.32,1,0.9904,0.9906,0.048,0.59212184
8.84,1,0.9904,0.9906,0.048,0.57726789
9.36,1,0.9904,0.9906,0.048,0.56016248
9.88,1,0.9904,0.9906,0.048,0.54060449
10.4,1,0.9904,0.9906,0.048,0.51829785
10.92,1,0.9904,0.9906,0.048,0.49285923
11.44,1,0.9904,0.9906,0.048,0.46381864
11.96,1,0.9904,0.9906,0.048,0.43061256
12.48,1,0.9904,0.9906,0.048,0.39257051
13,1,0.9904,0.9906,0.048,0.34889564
13.52,1,0.9904,0.9906,0.048,0.29863986
14.04,1,0.9904,0.9906,0.048,0.24067263
14.56,1,0.9904,0.9906,0.048,0.17364273
15.08,1,0.9904,0.9906,0.048,0.09593107
15.6,1,0.9904,0.9906,0.048,0.02722969
16.12,1,0.9904,0.9906,0.048,0
16.64,1,0.9904,0.9906,0.048,0
17.16,1,0.9904,0.9906,0.048,0
17.68,1,0.9904,0.9906,0.048,0
18.2,1,0.9904,0.9906,0.048,0
18.72,1,0.9904,0.9906,0.048,0
19.24,1,0.9904,0.9906,0.048,0
19.76,1,0.9904,0.9906,0.048,0
20.28,1,0.9904,0.9906,0.048,0
-5.2,1,0.9902,0.9904,0.049,0.00297218
-4.68,1,0.9902,0.9904,0.049,0.0050692
-4.16,1,0.9902,0.9904,0.049,0.00858391
-3.64,1,0.9902,0.9904,0.049,0.01444038
-3.12,1,0.9902,0.9904,0.049,0.0241464
-2.6,1,0.9902,0.9904,0.049,0.04015248
-2.08,1,0.9902,0.9904,0.049,0.06642634
-1.56,1,0.9902,0.9904,0.049,0.1093699
-1.04,1,0.9902,0.9904,0.049,0.17927815
-0.52,1,0.9902,0.9904,0.049,0.29265338
0,1,0.9902,0.9904,0.049,0.42637486
0.52,1,0.9902,0.9904,0.049,0.50539663
1.04,1,0.9902,0.9904,0.049,0.53062122
1.56,1,0.9902,0.9904,0.049,0.55339362
2.08,1,0.9902,0.9904,0.049,0.57368804
2.6,1,0.9902,0.9904,0.049,0.59139747
3.12,1,0.9902,0.9904,0.049,0.60634997
3.64,1,0.9902,0.9904,0.049,0.61834423
4.16,1,0.9902,0.9904,0.049,0.62719989
4.68,1,0.9902,0.9904,0.049,0.63280998
5.2,1,0.9902,0.9904,0.049,0.635179
5.72,1,0.9902,0.9904,0.049,0.63443266
6.24,1,0.9902,0.9904,0.049,0.63079435
6.76,1,0.9902,0.9904,0.049,0.62453559
7.28,1,0.9902,0.9904,0.049,0.61591617
7.8,1,0.9902,0.9904,0.049,0.60513129
8.32,1,0.9902,0.9904,0.049,0.59227728
8.84,1,0.9902,0.9904,0.049,0.57733876
9.36,1,0.9902,0.9904,0.049,0.56019194
9.88,1,0.9902,0.9904,0.049,0.54061559
10.4,1,0.9902,0.9904,0.049,0.51830161
10.92,1,0.9902,0.9904,0.049,0.49286037
11.44,1,0.9902,0.9904,0.049,0.46381894
11.96,1,0.9902,0.9904,0.049,0.43061264
12.48,1,0.9902,0.9904,0.049,0.39257052
13,1,0.9902,0.9904,0.049,0.34889565
13.52,1,0.9902,0.9904,0.049,0.29863986
14.04,1,0.9902,0.9904,0.049,0.24067263
14.56,1,0.9902,0.9904,0.049,0.17364273
15.08,1,0.9902,0.9904,0.049,0.09593107
15.6,1,0.9902,0.9904,0.049,0.02722969
16.12,1,0.9902,0.9904,0.049,0
16.64,1,0.9902,0.9904,0.049,0
17.16,1,0.9902,0.9904,0.049,0
17.68,1,0.9902,0.9904,0.049,0
18.2,1,0.9902,0.9904,0.049,0
18.72,1,0.9902,0.9904,0.049,0
19.24,1,0.9902,0.9904,0.049,0
19.76,1,0.9902,0.9904,0.049,0
20.28,1,0.9902,0.9904,0.049,0
-5.2,1,0.99,0.9902,0.05,0.00313225
-4.68,1,0.99,0.9902,0.05,0.00532097
-4.16,1,0.99,0.9902,0.05,0.00897757
-3.64,1,0.99,0.9902,0.05,0.01505246
-3.12,1,0.99,0.9902,0.05,0.02509304
-2.6,1,0.99,0.9902,0.05,0.0416091
-2.08,1,0.99,0.9902,0.05,0.06865665
-1.56,1,0.99,0.9902,0.05,0.11276818
-1.04,1,0.99,0.9902,0.05,0.18443045
-0.52,1,0.99,0.9902,0.05,0.30042433
0,1,0.99,0.9902,0.05,0.43681616
0.52,1,0.99,0.9902,0.05,0.51669479
1.04,1,0.99,0.9902,0.05,0.54131309
1.56,1,0.99,0.9902,0.05,0.56339584
2.08,1,0.99,0.9902,0.05,0.58289663
2.6,1,0.99,0.9902,0.05,0.5996958
3.12,1,0.99,0.9902,0.05,0.61362523
3.64,1,0.99,0.9902,0.05,0.62451004
4.16,1,0.99,0.9902,0.05,0.63221914
4.68,1,0.99,0.9902,0.05,0.63671045
5.2,1,0.99,0.9902,0.05,0.63805578
5.72,1,0.99,0.9902,0.05,0.63643554
6.24,1,0.99,0.9902,0.05,0.632104
6.76,1,0.99,0.9902,0.05,0.62533601
7.28,1,0.99,0.9902,0.05,0.61637129
7.8,1,0.99,0.9902,0.05,0.60537093
8.32,1,0.99,0.9902,0.05,0.59239358
8.84,1,0.99,0.9902,0.05,0.57739051
9.36,1,0.99,0.9902,0.05,0.56021294
9.88,1,0.99,0.9902,0.05,0.54062332
10.4,1,0.99,0.9902,0.05,0.51830417
10.92,1,0.99,0.9902,0.05,0.49286113
11.44,1,0.99,0.9902,0.05,0.46381914
11.96,1,0.99,0.9902,0.05,0.43061268
12.48,1,0.99,0.9902,0.05,0.39257053
13,1,0.99,0.9902,0.05,0.34889565
13.52,1,0.99,0.9902,0.05,0.29863986
14.04,1,0.99,0.9902,0.05,0.24067263
14.56,1,0.99,0.9902,0.05,0.17364273
15.08,1,0.99,0.9902,0.05,0.09593107
15.6,1,0.99,0.9902,0.05,0.02722969
16.12,1,0.99,0.9902,0.05,0
16.64,1,0.99,0.9902,0.05,0
17.16,1,0.99,0.9902,0.05,0
17.68,1,0.99,0.9902,0.05,0
18.2,1,0.99,0.9902,0.05,0
18.72,1,0.99,0.9902,0.05,0
19.24,1,0.99,0.9902,0.05,0
19.76,1,0.99,0.9902,0.05,0
20.28,1,0.99,0.9902,0.05,0
